Nom_cinema;code_postal;commune;code_departement
NomEtab;DEPCOM;COMMUNE;DE
UGC NORMANDIE;75108;Paris 8e Arrondissement;75
BALZAC;75108;Paris 8e Arrondissement;75
ELYSEES LINCOLN;75108;Paris 8e Arrondissement;75
 UGC OPERA;75109;Paris 9e Arrondissement;75
MAX LINDER;75109;Paris 9e Arrondissement;75
GRAND REX;75102;Paris 2e Arrondissement;75
PATHE OPERA;75102;Paris 2e Arrondissement;75
UGC MONTPARNASSE;75106;Paris 6e Arrondissement;75
PATHE PARNASSE;75114;Paris 14e Arrondissement;75
ENTREPOT;75114;Paris 14e Arrondissement;75
MK2 BEAUBOURG;75103;Paris 3e Arrondissement;75
UGC CINE CITE MAILLOT;75117;Paris 17e Arrondissement;75
MK2 ODEON COTE SAINT-MICHEL;75106;Paris 6e Arrondissement;75
MK2 ODEON COTE SAINT-GERMAIN;75106;Paris 6e Arrondissement;75
STUDIO GALANDE;75105;Paris 5e Arrondissement;75
LES 3 LUXEMBOURG;75106;Paris 6e Arrondissement;75
SAINT ANDRE DES ARTS;75106;Paris 6e Arrondissement;75
MK2 PARNASSE;75106;Paris 6e Arrondissement;75
UGC ROTONDE;75106;Paris 6e Arrondissement;75
LUCERNAIRE FORUM;75106;Paris 6e Arrondissement;75
PARNASSIEN;75114;Paris 14e Arrondissement;75
 CHRISTINE CINEMA CLUB;75106;Paris 6e Arrondissement;75
PUBLICIS ELYSEES;75108;Paris 8e Arrondissement;75
L'ARCHIPEL;75110;Paris 10e Arrondissement;75
LE BRADY;75110;Paris 10e Arrondissement;75
UGC CINE CITE LES HALLES;75101;Paris 1er Arrondissement;75
LUMINOR HOTEL DE VILLE;75104;Paris 4e Arrondissement;75
MAJESTIC PASSY;75116;Paris 16e Arrondissement;75
MAC MAHON;75117;Paris 17e Arrondissement;75
CAUMARTIN;75109;Paris 9e Arrondissement;75
LE CINEMA DES CINEASTES;75117;Paris 17e Arrondissement;75
PATHE WEPLER;75118;Paris 18e Arrondissement;75
STUDIO 28;75118;Paris 18e Arrondissement;75
MK2 QUAI DE SEINE;75119;Paris 19e Arrondissement;75
MK2 GAMBETTA;75120;Paris 20e Arrondissement;75
MK2 BASTILLE COTE FAUBOURG SAINT-ANTOINE;75111;Paris 11e Arrondissement;75
MAJESTIC BASTILLE;75111;Paris 11e Arrondissement;75
MK2 BASTILLE COTE BEAUMARCHAIS;75111;Paris 11e Arrondissement;75
MK2 NATION;75112;Paris 12e Arrondissement;75
UGC LYON BASTILLE;75112;Paris 12e Arrondissement;75
UGC CINE CITE BERCY;75112;Paris 12e Arrondissement;75
CHAPLIN SAINT LAMBERT;75115;Paris 15e Arrondissement;75
GAUMONT CONVENTION;75115;Paris 15e Arrondissement;75
GAUMONT AQUABOULEVARD;75115;Paris 15e Arrondissement;75
PATHE MONTPARNOS;75114;Paris 14e Arrondissement;75
PATHE ALESIA;75114;Paris 14e Arrondissement;75
 CHAPLIN DENFERT;75114;Paris 14e Arrondissement;75
L ARLEQUIN PANORAMA;75106;Paris 6e Arrondissement;75
UGC DANTON;75106;Paris 6e Arrondissement;75
NOUVEL ODEON;75106;Paris 6e Arrondissement;75
UGC ODEON;75106;Paris 6e Arrondissement;75
ESPACE SAINT MICHEL;75105;Paris 5e Arrondissement;75
ECOLES CINEMA CLUB;75105;Paris 5e Arrondissement;75
LE CINEMA DU PANTHEON;75105;Paris 5e Arrondissement;75
LE CHAMPO;75105;Paris 5e Arrondissement;75
QUARTIER LATIN I - FILMOTHEQUE;75105;Paris 5e Arrondissement;75
STUDIO DES URSULINES;75105;Paris 5e Arrondissement;75
REFLET MEDICIS 2;75105;Paris 5e Arrondissement;75
EPEE DE BOIS;75105;Paris 5e Arrondissement;75
LE GRAND ACTION;75105;Paris 5e Arrondissement;75
PathÃ© Les Fauvettes;75113;Paris 13e Arrondissement;75
UGC  GOBELINS;75113;Paris 13e Arrondissement;75
ESCURIAL;75113;Paris 13e Arrondissement;75
LE JEU DE PAUME;75101;Paris 1er Arrondissement;75
ELYSEES BIARRITZ;75108;Paris 8e Arrondissement;75
CINEMA KATARA;75108;Paris 8e Arrondissement;75
PATHE PALACE;75109;Paris 9e Arrondissement;75
LE LOUXOR;75110;Paris 10e Arrondissement;75
MK2 BIBLIOTHEQUE;75113;Paris 13e Arrondissement;75
MK2 A&E;75113;Paris 13e Arrondissement;75
PATHE BEAUGRENELLE;75115;Paris 15e Arrondissement;75
CLUB DE L ETOILE;75117;Paris 17e Arrondissement;75
LES 7 BATIGNOLLES CINEMOVIDA;75117;Paris 17e Arrondissement;75
MK2 QUAI DE LOIRE;75119;Paris 19e Arrondissement;75
UGC CINE CITE PARIS 19;75119;Paris 19e Arrondissement;75
PATHE;75119;Paris 19e Arrondissement;75
PATHE LA GEODE;75119;Paris 19e Arrondissement;75
CGR PARIS LILAS;75120;Paris 20e Arrondissement;75
SALLE CHARLES CHAPLIN;94001;Ablon-sur-Seine;94
PANDORA;78005;AchÃ¨res;78
! POC ! SCENE ARTISTIQUE ALFORTVILLE;94002;Alfortville;94
LE SELECT;92002;Antony;92
JEAN VILAR;94003;Arcueil;94
MEGARAMA;94003;Arcueil;94
JEAN GABIN;95018;Argenteuil;95
LE FIGUIER BLANC;95018;Argenteuil;95
L ALCAZAR;92004;AsniÃ¨res-sur-Seine;92
CINEMA VENTURA;91027;Athis-Mons;91
STUDIO;93001;Aubervilliers;93
THEATRE ET CINEMA JACQUES PREVERT;93005;Aulnay-sous-Bois;93
UGC CINE CITE O'PARINOR;93005;Aulnay-sous-Bois;93
THEATRE VICTOR HUGO;92007;Bagneux;92
LE CIN'HOCHE;93006;Bagnolet;93
CINE TOILE;91045;Ballancourt-sur-Essonne;91
BEAUMONT PALACE;95052;Beaumont-sur-Oise;95
LA BARBACANE;78062;Beynes;78
THEATRE PAUL ELUARD;95063;Bezons;95
CINEMA LOUIS DAQUIN;93007;Le Blanc-Mesnil;93
AUDITORIUM BOURSE TRAVAIL;93008;Bobigny;93
JEAN RENOIR;92009;Bois-Colombes;92
LA GRANGE DE LA TREMBLAYE;78073;Bois-d'Arcy;78
LE FORUM;94004;Boissy-Saint-LÃ©ger;94
SALLE ANDRE MALRAUX;93010;Bondy;93
GERARD PHILIPE;94011;Bonneuil-sur-Marne;94
CINEMA LANDOWSKI;92012;Boulogne-Billancourt;92
PATHE BOULOGNE;92012;Boulogne-Billancourt;92
LE CINEMA;93013;Le Bourget;93
AUDITORIUM DU CONSERVATOIRE;92014;Bourg-la-Reine;92
LE RENAISSANCE;77051;Bray-sur-Seine;77
JEAN COCTEAU;91103;BrÃ©tigny-sur-Orge;91
LES 4 VENTS;77053;Brie-Comte-Robert;77
LA PLEIADE;94016;Cachan;94
CINEMA DU THEATRE;78126;La Celle-Saint-Cloud;78
UGC CINE CITE;95127;Cergy;95
JEAN GABIN;77079;Champagne-sur-Seine;77
STUDIO 66;94017;Champigny-sur-Marne;94
REX;92019;ChÃ¢tenay-Malabry;92
CINEMA;92020;ChÃ¢tillon;92
LOUIS JOUVET;78146;Chatou;78
ATRIUM;92022;Chaville;92
COSMOS;77108;Chelles;77
GAUMONT DISNEY VILLAGE;77111;Chessy;77
STUDIO 31;77111;Chessy;77
SALLE ANDRE MALRAUX;94021;Chevilly-Larue;94
FRANCOIS TRUFFAUT;91161;Chilly-Mazarin;91
SALLE PAUL ELUARD;94022;Choisy-le-Roi;94
CINEMA JEANNE MOREAU;92023;Clamart;92
ESPACE PHILIPPE NOIRET;78165;Les Clayes-sous-Bois;78
MY CINE;77118;Claye-Souilly;77
CINEMA RUTEBEUF;92024;Clichy;92
M J C THEATRE DE COLOMBES;92025;Colombes;92
L'HELIOS;92025;Colombes;92
LA COUPOLE;77122;Combs-la-Ville;77
PATHE CONFLANS;78172;Conflans-Sainte-Honorine;78
ARCEL;91174;Corbeil-Essonnes;91
THEATRE DU CORMIER;95176;Cormeilles-en-Parisis;95
CINEMA LES CAPUCINS;77131;Coulommiers;77
CAMILLE ST SAENS;92026;Courbevoie;92
ABEL GANCE;92026;Courbevoie;92
L ETOILE;93027;La Courneuve;93
LA LUCARNE MJC;94028;CrÃ©teil;94
CINEMA DU PALAIS;94028;CrÃ©teil;94
PATHE DAMMARIE;77152;Dammarie-les-Lys;77
ESPACE ERMITAGE;95199;Domont;95
PARTERRE;91200;Dourdan;91
ESPACE CULTUREL DU PARC;93029;Drancy;93
L'ORANGE BLEUE;95203;Eaubonne;95
GRENOUILLE;78208;Ã‰lancourt;78
FRANCAIS;95210;Enghien-les-Bains;95
CENTRE DES ARTS;95210;Enghien-les-Bains;95
SALLE SERGE GAINSBOURG;93031;Ã‰pinay-sur-Seine;93
MEGA CGR;93031;Ã‰pinay-sur-Seine;93
PIERRE FRESNAY;95219;Ermont;95
LA ROTONDE A;91223;Ã‰tampes;91
CINETAMPES;91223;Ã‰tampes;91
MEGA CGR;91228;Ã‰vry;91
ERMITAGE;77186;Fontainebleau;77
CINEPARADIS;77186;Fontainebleau;77
LE SCARRON;92032;Fontenay-aux-Roses;92
THEATRE-CINEMA DE FONTENAY-LE-FLEURY;78242;Fontenay-le-Fleury;78
LE KOSMOS;94033;Fontenay-sous-Bois;94
CINEMA DE L YSIEUX;95250;Fosses;95
CINE HENRI LANGLOIS;95252;Franconville;95
M J C;94034;Fresnes;94
THEATRE ANDRE MALRAUX;93032;Gagny;93
CINE GARCHES;92033;Garches;92
LE CUBE GARGES;95268;Garges-lÃ¨s-Gonesse;95
CINEMA JEAN VIGO;92036;Gennevilliers;92
LE LAVOIR NUMERIQUE;94037;Gentilly;94
LE CENTRAL;91272;Gif-sur-Yvette;91
CINE THEATRE JACQUES PREVERT;95277;Gonesse;95
THEATRE SARAH BERNHARDT;95280;Goussainville;95
LA TOURNELLE;94038;L' HaÃ¿-les-Roses;94
LE CONTI;95313;L' Isle-Adam;95
CINE D ISSY;92040;Issy-les-Moulineaux;92
UGC ISSY LES MOULINEAUX;92040;Issy-les-Moulineaux;92
0SALLE GEORGES BRASSENS;91315;Itteville;91
LE LUXY;94041;Ivry-sur-Seine;94
PATHE QUAI D'IVRY;94041;Ivry-sur-Seine;94
SALLE PIERRE ET JACQUES PREVERT;94042;Joinville-le-Pont;94
CENTRE CULTUREL;95323;Jouy-le-Moutier;95
CINEMA AGNES VARDA;91326;Juvisy-sur-Orge;91
CINEMA LE CINQ;77243;Lagny-sur-Marne;77
PATHE LEVALLOIS;92044;Levallois-Perret;92
PATHE CARRE SENART;77251;Lieusaint;77
THEATRE DU GARDE CHASSE;93045;Les Lilas;93
ATELIER BARBARA;94044;Limeil-BrÃ©vannes;94
CINE MUNICIPAL YVES MONTAND;93046;Livry-Gargan;93
THEATRE DE LONGJUMEAU;91345;Longjumeau;91
THEATRE CLAUDE DEBUSSY;94046;Maisons-Alfort;94
L'ATALANTE;78358;Maisons-Laffitte;78
MARCEL PAGNOL;92046;Malakoff;92
MEGA CGR;78361;Mantes-la-Jolie;78
LE CHAPLIN;78361;Mantes-la-Jolie;78
ATMOSPHERE;91363;Marcoussis;91
FONTENELLE;78372;Marly-le-Roi;78
CINEMASSY;91377;Massy;91
LES 2 SCENES;78380;Maule;78
UGC LE MAJESTIC;77284;Meaux;77
VARIETES;77288;Melun;77
CINEMA CONFLUENCES MENNECY;91386;Mennecy;91
LA LUCIOLE;95394;MÃ©ry-sur-Oise;95
CENTRE D ART ET DE CULTURE;92048;Meudon;92
ESPACE CULTUREL ROBERT-DOISNEAU;92048;Meudon;92
CONCORDE;77294;Mitry-Mory;77
LA ROTONDE;77296;Moissy-Cramayel;77
LE CYRANO;91421;Montgeron;91
JACQUES BREL;78423;Montigny-le-Bretonneux;78
CENTRE PICASSO;95424;Montigny-lÃ¨s-Cormeilles;95
L'EDEN;95428;Montmorency;95
MELIES;93048;Montreuil;93
CINE MONTROUGE;92049;Montrouge;92
FREDERIC DARD CLUB A;78440;Les Mureaux;78
LA BERGERIE;77327;Nangis;77
LES LUMIERES;92050;Nanterre;92
CAP CINEMA NANTERRE;92050;Nanterre;92
MELIES;77333;Nemours;77
LA FAUVETTE;93049;Neuilly-Plaisance;93
LE VILLAGE I;92051;Neuilly-sur-Seine;92
ROYAL PALACE;94052;Nogent-sur-Marne;94
LA FERME DU BUISSON;77337;Noisiel;77
UGC CINE CITE;93051;Noisy-le-Grand;93
LE BIJOU;93051;Noisy-le-Grand;93
SALLE ARAGON;94054;Orly;94
CENTRE CULTUREL  ORMESSON;94055;Ormesson-sur-Marne;94
CINEMA JACQUES TATI;91471;Orsay;91
LE PIERRE BRASSEUR;77350;Ozoir-la-FerriÃ¨re;77
CINEPAL;91477;Palaiseau;91
CINE 104;93055;Pantin;93
CENTRE CULTUEL NELSON MANDELA;93055;Pantin;93
CINEMA L'AVANT-SCENE;91479;Paray-Vieille-Poste;91
ESPACE DES ARTS;93057;Les Pavillons-sous-Bois;93
CENTRE DES BORDS DE MARNE;94058;Le Perreux-sur-Marne;94
UGC PLAISIR;78490;PLAISIR;78
CINEMA GERARD PHILIPE;92060;Le Plessis-Robinson;92
ESPACE PAUL VALERY;94059;Le Plessis-TrÃ©vise;94
C2L POISSY;78498;Poissy;78
APOLLO;77373;Pontault-Combault;77
ROYAL UTOPIA;95500;Pontoise;95
LE REXY;77379;Provins;77
UGC CINE CITE LA DEFENSE;92062;Puteaux;92
LE CENTRAL;92062;Puteaux;92
LA LANTERNE;78517;Rambouillet;78
CINOCHE;91521;Ris-Orangis;91
CINOCHE 4;91521;Ris-Orangis;91
LA GRANGE;77390;Roissy-en-Brie;77
LE TRIANON;93063;Romainville;93
UGC CINE CITE ROSNY;93064;Rosny-sous-Bois;93
THEATRE ET CINEMA GEORGES SIMENON;93064;Rosny-sous-Bois;93
ARIEL;92063;Rueil-Malmaison;92
ARIEL HAUTS DE RUEIL;92063;Rueil-Malmaison;92
C2L CIN'HOCHE;78586;Sartrouville;78
ESPACE PREVERT;77445;Savigny-le-Temple;77
TRIANON;92071;Sceaux;92
CINE SEL;92072;SÃ¨vres;92
SALLE PAUL ELUARD;93072;Stains;93
ESPACE JEAN-MARIE POIRIER;94071;Sucy-en-Brie;94
LE CAPITOLE;92073;Suresnes;92
LE CRATERE;78537;Saint-Arnoult-en-Yvelines;78
LES TROIS PIERROTS;92064;Saint-Cloud;92
LES YEUX D ELSA;78545;Saint-Cyr-l'Ã‰cole;78
ECRAN;93066;Saint-Denis;93
GAUMONT SAINT-DENIS;93066;Saint-Denis;93
ESPACE CULTUREL LES 26 COULEURS;77407;Saint-Fargeau-Ponthierry;77
LES 4 PERRAY;91549;Sainte-GeneviÃ¨ve-des-Bois;91
C 2 L;78551;Saint-Germain-en-Laye;78
LES TOILES OLYMPIC;95555;Saint-Gratien;95
LE LIDO;94068;Saint-Maur-des-FossÃ©s;94
LES 4 DELTA 4;94068;Saint-Maur-des-FossÃ©s;94
CINES CARNE;91570;Saint-Michel-sur-Orge;91
UTOPIA SAINT OUEN;95572;Saint-Ouen-l'AumÃ´ne;95
ESPACE 1789;93070;Saint-Ouen;93
STUDIO CINE;95607;Taverny;95
PATHE BELLE EPINE;94073;Thiais;94
MEGA CGR;77468;Torcy;77
CINEMA LE GRENIER A SEL;78621;Trappes;78
JACQUES TATI;93073;Tremblay-en-France;93
PATHE;93073;Tremblay-en-France;93
STUDIO DES CHAMPS LASNIERS;91692;Les Ulis;91
UGC LES ULIS;91692;Les Ulis;91
LES VARIETES;77479;Vaires-sur-Marne;77
LE VANVES;92075;Vanves;92
CINEMA CONFLUENCES VARENNES;77482;Varennes-sur-Seine;77
LE NORMANDY;92076;Vaucresson;92
L'ANTARES;95637;VaurÃ©al;95
LA GRANGE;77487;Vaux-le-PÃ©nil;77
ESPACE MAURICE BEJART;78642;Verneuil-sur-Seine;78
ESPACE BERNARD MANTIENNE;91645;VerriÃ¨res-le-Buisson;91
UGC CYRANO;78646;Versailles;78
UGC ROXANE;78646;Versailles;78
CINEMA JEAN MARAIS;78650;Le VÃ©sinet;78
LE COLOMBIER;92077;Ville-d'Avray;92
CINEMA D ART ROMAIN ROLLAND;94076;Villejuif;94
ANDRE MALRAUX;92078;Villeneuve-la-Garenne;92
ESPACE CULTUREL;94077;Villeneuve-le-Roi;94
LE CASINO;94079;Villiers-sur-Marne;94
CINEMA SORANO;94080;Vincennes;94
LE VINCENNES;94080;Vincennes;94
CALYPSO A;91687;Viry-ChÃ¢tillon;91
3 CINES ROBESPIERRE;94081;Vitry-sur-Seine;94
CINEMA PARADISO;91691;Yerres;91
MEGARAMA;92078;Villeneuve-la-Garenne;92
KINEPOLIS BRETIGNY;91103;BrÃ©tigny-sur-Orge;91
UGC CINE CITE;94028;CrÃ©teil;94
UGC CINE CITE SQY OUEST;78423;Montigny-le-Bretonneux;78
MEGARAMA;95424;Montigny-lÃ¨s-Cormeilles;95
CGR MY PLACE SARCELLES;95585;Sarcelles;95
PATHE;91377;Massy;91
MEGARAMA PINCE-VENT;94019;ChenneviÃ¨res-sur-Marne;94
UGC CINE CITE VELIZY;78640;VÃ©lizy-Villacoublay;78
UGC CINE CITE PARLY;78158;Le Chesnay;78
KINEPOLIS SERVON;77450;SERVON;77
STARS - PREMIERE CINEMAS;91021;Arpajon;91
LA TOILE FILANTE CIRCUIT ITINERANT ROISSY PAYS DE FRANCE;95527;Roissy-en-France;95
REX;80001;Abbeville;80
CGR ABBEVILLE LA SUCRERIE;80001;Abbeville;80
LE FOYER;35001;AcignÃ©;35
CINEMA DE L'ESPACE;50003;Agon-Coutainville;50
L'AIGLON;61214;L' Aigle;61
CINEMA MODERNE;36001;Aigurande;36
LE CASINO;80016;Albert;80
PLANET'CINE;61001;AlenÃ§on;61
SALLE POLYVALENTE;72003;Allonnes;72
CINEA;37003;Amboise;37
CINEMA ORSON WELLES;80021;Amiens;80
CINE SAINT LEU;80021;Amiens;80
PATHE AMIENS;80021;Amiens;80
EDEN 3;44003;Ancenis;44
PALACE;27016;Les Andelys;27
NORMANDIE;28007;Anet;28
LES 400 COUPS;49007;Angers;49
PATHE ANGERS;49007;Angers;49
NORMANDY;61006;Argentan;61
EDEN PALACE;36006;Argenton-sur-Creuse;36
CIN EVASION;35006;ArgentrÃ©-du-Plessis;35
L'ARGENTIS;18011;Argent-sur-Sauldre;18
CIRCUIT 1;45008;Artenay;45
LA LOCOMOTIVE;56005;Arzon;56
ATOMIC;18015;Aubigny-sur-NÃ¨re;18
CINE GOYEN;29003;Audierne;29
CHANTECLER;76035;Aumale;76
CINEMA PARADISO THEATRE;14027;Les Monts d'Aunay;14
TI HANOK;56007;Auray;56
MEGA CGR CASINO;89024;Auxerre;89
VAUBAN;89025;Avallon;89
STAR;50025;Avranches;50
CASINO DU LAC;61483;Bagnoles de l'Orne Normandie;61
LE SCENARIO;35012;Bain-de-Bretagne;35
THEATRE MONTDORY;76057;Barentin;76
SELECT;50031;Barneville-Carteret;50
LE VAGABOND;10033;Bar-sur-Aube;10
CINE POLE SUD;44009;Basse-Goulaine;44
LE CELTIC;56010;Baud;56
STELLA CINE;49018;BaugÃ©-en-Anjou;49
GULF STREAM;44055;La Baule-Escoublac;44
MELIES;14047;Bayeux;14
CINEMA DE BEAUFORT EN VALLEE;49021;Beaufort-en-Anjou;49
CINEMA LE DUNOIS;45028;Beaugency;45
CINEMA JEANNE D ARC;49023;BeauprÃ©au-en-Mauges;49
AGNES VARDA;60057;Beauvais;60
CGR BEAUVAIS;60057;Beauvais;60
CINEMARINE;29006;BÃ©nodet;29
CINEMA MULTIREX;27056;Bernay;27
SALLE JEANNE D ARC;44012;La Bernerie-en-Retz;44
TRISKEL;35024;Betton;35
CINEMA ST LAURENT;44015;Blain;44
STUDIO REPUBLIQUE;36018;Le Blanc;36
LES LOBIS;41018;Blois;41
CAP' CINE;41018;Blois;41
L AMBIANCE;14079;Blonville-sur-Mer;14
LOUIS JOUVET;02095;Bohain-en-Vermandois;02
LE XENON;76114;Bolbec;76
LE BEAULIEU;44020;Bouguenais;44
CASINO DE BOURBONNE;52060;Bourbonne-les-Bains;52
MEGA CGR;18033;Bourges;18
MAISON DE LA CULTURE DE BOURGES;18033;Bourges;18
LE TRIANON;53039;Le Bourgneuf-la-ForÃªt;53
FAMILIA;37031;Bourgueil;37
ABBAYE DE BOURGUEIL;37031;Bourgueil;37
LA BOBINE;35037;BrÃ©al-sous-Montfort;35
CELTIC;29019;Brest;29
PATHE LIBERTE;29019;Brest;29
LES STUDIOS;29019;Brest;29
NORMANDY;14100;Bretteville-sur-Laize;14
LE DONJON;50082;Bricquebec-en-Cotentin;50
CENTRE CULTUREL DU GRAND LOGIS;35047;Bruz;35
CINEVILLE;35047;Bruz;35
CENTRE CULTUREL;36031;BuzanÃ§ais;36
LE NORMANDIE;14117;Cabourg;14
SALLE PIERRE DAURE;14118;Caen;14
CINEMA LUX;14118;Caen;14
PATHE;14118;Caen;14
CINEMA D ARGOAT;22025;Callac;22
ROCAMADOUR;29022;Camaret-sur-Mer;29
VICTORIA;44025;Campbon;44
DUGUESCLIN;35049;Cancale;35
CINEMA LE BEAULIEU;49054;CandÃ©;49
ESPACE CULTUREL FRANCOIS MITTERRAND;76157;Canteleu;76
ETOILE;29023;Carantec;29
LE COTENTIN;50099;Carentan les Marais;50
LE GRAND BLEU;29024;Carhaix-Plouguer;29
REX;56034;Carnac;56
LE PARIS;76164;Rives-en-Seine;76
LE SEVIGNE;35051;Cesson-SÃ©vignÃ©;35
FAMILIAL;52093;Chalindrey;52
ESPACE CINE;49063;Chalonnes-sur-Loire;49
MEGA CGR;51108;ChÃ¢lons-en-Champagne;51
LA COMETE;51108;ChÃ¢lons-en-Champagne;51
MEGARAMA;60139;Chambly;60
SALLE YVES RENAULT;37050;Chambray-lÃ¨s-Tours;37
ELYSEE;60141;Chantilly;60
JACQUES DEMY;44029;Divatte-sur-Loire;44
METROPOLIS;08105;Charleville-MÃ©ziÃ¨res;08
LES ENFANTS DU PARADIS;28085;Chartres;28
CINE ESPERANCE;35066;Chartres-de-Bretagne;35
ETOILE;35068;ChÃ¢teaubourg;35
ATLANTIC CINE;44036;ChÃ¢teaubriant;44
ES RECOLLETS;72071;Montval-sur-Loir;72
LE DUNOIS;28088;ChÃ¢teaudun;28
PARADISIO;35069;ChÃ¢teaugiron;35
PALACE;53062;ChÃ¢teau-Gontier;53
AGORA;29026;ChÃ¢teaulin;29
VOX;45083;ChÃ¢teau-Renard;45
LE BALZAC;37063;ChÃ¢teau-Renault;37
APOLLO;36044;ChÃ¢teauroux;36
CGR CHATEAUROUX;36044;ChÃ¢teauroux;36
CINEMA THEATRE;02168;ChÃ¢teau-Thierry;02
LE VENDELAIS;35072;ChÃ¢tillon-en-Vendelais;35
LUX;36046;La ChÃ¢tre;36
A L'AFFICHE;52121;Chaumont;52
LUMIERE;02173;Chauny;02
CLUB;49092;ChemillÃ©-en-Anjou;49
CGR ODEON;50129;Cherbourg-en-Cotentin;50
MEGA CGR;50129;Cherbourg-en-Cotentin;50
LE RABELAIS;37072;Chinon;37
CGR CHOLET;49099;Cholet;49
SALLE LEBRUN;60157;Clermont;60
LE CONNETABLE;44043;Clisson;44
CHATEAUBRIAND;35085;Combourg;35
CINEVILLE;29039;Concarneau;29
ROYAL;14174;CondÃ©-en-Normandie;14
CIRCUIT 2;50139;CondÃ©-sur-Vire;50
THEÃ‚TRE LES DOCKS;80212;Corbie;80
SALLE DES FETES;60164;Le Coudray-Saint-Germer;60
CINEMA DE LA GARE;14191;Courseulles-sur-Mer;14
LE LONG-COURT;50147;Coutances;50
LE CYRANO;80222;CrÃ©cy-en-Ponthieu;80
LA FAIENCERIE;60175;Creil;60
LES TOILES 1;60176;CrÃ©py-en-Valois;60
LE HUBLOT;44049;Le Croisic;44
REX;29042;Crozon;29
LES CARDINAUX;56052;Damgan;56
LE CLUB 2;45122;Dampierre-en-Burly;45
LE MORNY;14220;Deauville;14
LE RABELAIS;37115;Descartes;37
D S N  DIEPPE SCENE NATIONALE;76217;Dieppe;76
CINEMAS GRAND FORUM;76217;Dieppe;76
EMERAUDE CINEMAS;22050;Dinan;22
2 ALIZES SALLE LA MOUETTE;35093;Dinard;35
LE DRAKKAR;14225;Dives-sur-Mer;14
CINE DOL;35095;Dol-de-Bretagne;35
CINEMA THEATRE MUNICIPAL;61145;Domfront en Poiraie;61
ESPACE RENAISSANCE;44052;Donges;44
LE CLUB;29046;Douarnenez;29
LA BALISE;29046;Douarnenez;29
TIVOLI;80253;Doullens;80
CINENACRE;14228;Douvres-la-DÃ©livrande;14
CIRCUIT 1;14711;TrÃ©viÃ¨res;14
CINE CENTRE;28134;Dreux;28
MERCURE;76231;Elbeuf;76
PALACE;51230;Ã‰pernay;51
LES PRAIRIALES;28140;Ã‰pernon;28
PALACE;50129;Cherbourg-en-Cotentin;50
LE MAJESTIC;53096;ErnÃ©e;53
LE KORRIGAN;22055;Binic-Ã‰tables-sur-Mer;22
LA RIVIERE;56055;Ã‰tel;56
PATHE EVREUX;27229;Ã‰vreux;27
CINEMA YVES ROBERT;53097;Ã‰vron;53
ENTRACTE;14258;Falaise;14
CINE ELLE LE FAOUET;56057;Le FaouÃ«t;56
CINE SEINE;76258;Terres-de-Caux;76
LE GRAND LARGE;76259;FÃ©camp;76
LE PALACE;72132;La FertÃ©-Bernard;72
GERARD PHILIPE;61168;La FertÃ© MacÃ©;61
JEAN RACINE;02307;La FertÃ©-Milon;02
VARIETES CINEMA;45146;La FertÃ©-Saint-Aubin;45
LE KID;72154;La FlÃ¨che;72
VIKING;61169;Flers;61
ESPACE JEAN BAUCHET;76276;Forges-les-Eaux;76
VOX;80333;Fort-Mahon-Plage;80
LE CLUB;35115;FougÃ¨res;35
LE TAHITI;61181;GacÃ©;61
GRAND FORUM GAILLON;27275;Gaillon;27
LE GRAND CLUB;45155;Gien;45
JOUR DE FETE;27284;Gisors;27
LE MANEGE;08190;Givet;08
LA POINTE DE CAUX;76305;Gonfreville-l'Orcher;76
GORRON CINEMA;53107;Gorron;53
JEANNE D ARC;56066;Gourin;56
LES ECRANS;76312;Gournay-en-Bray;76
GAUMONT GRAND QUEVILLY;76322;Le Grand-Quevilly;76
SELECT;50218;Granville;50
CINEMA DES FAMILLES;56069;Groix;56
L ODEON;44067;GuÃ©menÃ©-Penfao;44
SALLE ROCH;56073;GuÃ©menÃ©-sur-Scorff;56
QUAI 56;56075;Guer;56
LE BRETAGNE;35125;La Guerche-de-Bretagne;35
LE BRETAGNE;35126;Guichen;35
LES KORRIGANS;22070;Guingamp;22
ALLIANCE;35176;Guipry-Messac;35
VOX;02361;Guise;02
LE MELIES;80410;Ham;80
CINEMA DE LA PLAGE;50231;Hauteville-sur-Mer;50
SIRIUS;76351;Le Havre;76
LE STUDIO;76351;Le Havre;76
GAUMONT;76351;Le Havre;76
RIALTO;50236;La Haye;50
LE GEN ERIC;44073;HÃ©ric;44
CAFE DES IMAGES;14327;HÃ©rouville-Saint-Clair;14
SONHIR;02381;Hirson;02
CINEMA HENRI JEANSON;14333;Honfleur;14
CASINO;14338;Houlgate;14
ARTHUS CINE;29081;Huelgoat;29
LE CUBE;37119;L' ÃŽle-Bouchard;37
CINEMA ST CHARLES;49160;Ingrandes-Le Fresne sur Loire;49
LE VULCAIN;56090;Inzinzac-Lochrist;56
LE CLUB;14342;Isigny-sur-Mer;14
ELYSEE;36088;Issoudun;36
STELLA;35136;JanzÃ©;35
SALLE SAINT MICHEL;49163;JarzÃ© Villages;49
MAJESTIC COMPIEGNE;60325;Jaux;60
AgnÃ¨s Varda;89206;Joigny;89
LE BEAUMANOIR;56091;Josselin;56
CENTRE CULTUREL ESPACE MALRAUX;37122;JouÃ©-lÃ¨s-Tours;37
CINE PENTHIEVRE;22093;Lamballe;22
LE MELIES;41106;Lamotte-Beuvron;41
CINE GALAXY;29103;Landerneau;29
STUDIO;29105;Landivisiau;29
MEGA CGR;56098;Lanester;56
ESPACE JEAN-HUGUES ANGLADE;37123;Langeais;37
NEW VOX;52269;Langres;52
LES BALADINS;22113;Lannion;22
CINE LAON;02408;Laon;02
MAISON DES ARTS ET LOISIRS;02408;Laon;02
CINEVILLE;53130;Laval;53
L'AVANT-SCENE CINEMA;53130;Laval;53
CINEMA ST MICHEL;44081;LegÃ©;44
EVEN;29124;Lesneven;29
SALLE ST MICHEL;35152;LiffrÃ©;35
CENTRE CULTUREL JULIOBONA;76384;Lillebonne;76
TRIANON;14365;Lion-sur-Mer;14
ROYAL;14366;Lisieux;14
VIGNY;37132;Loches;37
LE CLUB;56117;LocminÃ©;56
CINEVILLE;56121;Lorient;56
CINE LOROUX;44084;Le Loroux-Bottereau;44
QUAI DES IMAGES;22136;LoudÃ©ac;22
MEGARAMA LOUVIERS;27375;Louviers;27
DRAKKAR;14384;Luc-sur-Mer;14
ESPACE RONSARD;72176;Le Lude;72
CINÃ‰MACHECOUL;44087;Machecoul-Saint-MÃªme;44
ARMORIC CINEMA;56124;Malestroit;56
REX;72180;Mamers;72
CINE POCHE;72181;Le Mans;72
CGR COLISEE;72181;Le Mans;72
LE ROYAL;72181;Le Mans;72
LES CINEASTES;72181;Le Mans;72
PATHE LE MANS;72181;Le Mans;72
 ESPACE CULTUREL BEAUMARCHAIS;76410;Maromme;76
L AURORE;35168;Val d'Anast;35
VOX;53147;Mayenne;53
LE STUDIO;22147;Merdrignac;22
GERARD PHILIPE;80533;Mers-les-Bains;80
DOMINO;60395;MÃ©ru;60
LA FABRIQUE;45203;Meung-sur-Loire;45
MEGA CGR;35177;La MÃ©ziÃ¨re;35
Le Prisme;89257;MIGENNES;89
LE KERFANY;29150;MoÃ«lan-sur-Mer;29
UGC CINE CITE;14437;Mondeville;14
FOYER RURAL;37153;Monnaie;37
LE MONTAGNARD;44101;La Montagne;44
ALTICINE;45208;Montargis;45
PATHE MONTATAIRE;60414;Montataire;60
CINE MONTAL;35184;Montauban-de-Bretagne;35
LE GENERIQUE;37154;Montbazon;37
HOLLYWOOD AVENUE;80561;Montdidier;80
LA CANE;35188;Montfort-sur-Meu;35
CINEMA LES ARTS;76447;Montivilliers;76
MONTJEAN CINEMA;49244;Mauges-sur-Loire;49
LE DON CAMILLO;51380;Montmirail;51
LE REGENT;41151;Montrichard Val de Cher;41
ARIEL;76451;Mont-Saint-Aignan;76
MAJESTIC;53161;MontsÃ»rs-Saint-CÃ©nerÃ©;53
SALLE DES FETES;80570;Moreuil;80
RIALTO;29151;Morlaix;29
SEW;29151;Morlaix;29
ETOILE;61293;Mortagne-au-Perche;61
SALLE DES FETES;08311;Mouzon;08
SIMONE SIGNORET;72213;Mulsanne;72
SALLE JEANNE D ARC;56143;Muzillac;56
PATHE NANTES;44109;Nantes;44
KATORZA;44109;Nantes;44
CONCORDE;44109;Nantes;44
BONNE GARDE;44109;Nantes;44
LE CINEMATOGRAPHE;44109;Nantes;44
LE VIKING;27428;Le Neubourg;27
NORMANDY;76462;NeufchÃ¢tel-en-Bray;76
CIRCUIT 2;45142;Fay-aux-Loges;45
REX;28280;Nogent-le-Rotrou;28
LUMIERE SALLE MICHEL PICCOLI;10268;Nogent-sur-Seine;10
CINEMA PARADISO;44110;Nort-sur-Erdre;44
COLOMBIER;76476;Port-JÃ©rÃ´me-sur-Seine;76
COMPLEXE CULTUREL OESIA;37172;Notre-Dame-d'OÃ©;37
CINE SOLOGNE;41161;Nouan-le-Fuzelier;41
NOUVEAU CINEMA LE PARADISIO 1;60471;Noyon;60
LE NOZEK;44113;Nozay;44
ESPACE ARAGON;76484;Oissel;76
LES CARMES;45234;OrlÃ©ans;45
PATHE ORLEANS;45234;OrlÃ©ans;45
THEATRE D'ORLEANS;45234;OrlÃ©ans;45
CINEDORI;60482;Orry-la-Ville;60
MICHEL CABIEU;14488;Ouistreham;14
CINE BREIZ;22162;Paimpol;22
REX;56152;Le Palais;56
ECKMUHL;29158;Penmarch;29
PICARDY;80620;PÃ©ronne;80
LES BALADINS;22168;Perros-Guirec;22
LE COTENTIN;50403;Pirou;50
LE MAIL;45252;Pithiviers;45
CINEMA L'HERMINE;35223;PlÃ©lan-le-Grand;35
 CASINO DU VAL ANDRE;22186;PlÃ©neuf-Val-AndrÃ©;22
LE DOURON;22194;Plestin-les-GrÃ¨ves;22
CINE ARMOR;35228;Pleurtuit;35
CINELAC;56165;PloÃ«rmel;56
CINEMA LE DAUPHIN;29185;Plouescat;29
IMAGES;29189;Plougastel-Daoulas;29
LE DAUPHIN;29190;Plougonvelin;29
LE CITHEA;22219;Plouguenast;22
TRIANON;80630;Poix-de-Picardie;80
GRAND ECRAN;49244;Mauges-sur-Loire;49
LE CINE;27467;Pont-Audemer;27
LA BOBINE;44129;PontchÃ¢teau;44
REX;56178;Pontivy;56
CINEVILLE;29220;Pont-l'AbbÃ©;29
CINEMA LE CONCORDE;14514;Pont-l'Ã‰vÃªque;14
PALACE;60509;Pont-Sainte-Maxence;60
CINEVILLE;49246;Les Ponts-de-CÃ©;49
SALLE RENE TARROT;72243;Pontvallain;72
CINE TOILES DE RETZ;44131;Pornic;44
ST JOSEPH;44131;Pornic;44
LA TOILE DE MER;44132;Pornichet;44
CINEMA PAX;44135;Le Pouliguen;44
 ATLANTIQUE;44136;PrÃ©failles;44
PAX;80649;Quend;80
IRIS;56184;Questembert;56
LE PARADIS;56186;Quiberon;56
KATORZA;29232;Quimper;29
LA BOBINE;29233;QuimperlÃ©;29
LE ROCHONEN;22262;Quintin;22
CINE'MANIVEL;35236;Redon;35
OPERAIMS;51454;Reims;51
VOX;53188;RenazÃ©;53
 CINE T.N.B;35238;Rennes;35
PATHE RENNES;35238;Rennes;35
CINEMA ARVOR;35238;RENNES;35
LE RESTERIA;35239;Retiers;35
RICHELIEU;50433;RÃ©ville;50
CINEMA ST PAUL;44143;RezÃ©;44
MAJESTIC;37196;Richelieu;37
LA COURONNE;56195;La Roche-Bernard;56
KORRIGAN;35245;RomillÃ©;35
L'EDEN;10323;Romilly-sur-Seine;10
CINE SOLOGNE;41194;Romorantin-Lanthenay;41
STE BARBE;29239;Roscoff;29
CINE BREIZ;22266;Rostrenen;22
OMNIA REPUBLIQUE;76540;Rouen;76
KINEPOLIS ROUEN;76540;Rouen;76
PATHE DOCKS 76;76540;Rouen;76
CINEMA THEATRE;80685;Roye;80
CINEMA CONFLUENCES SABLE SUR SARTHE;72264;SablÃ©-sur-Sarthe;72
PATHE SARAN;45302;Saran;45
L'HERMINE;56240;Sarzeau;56
LE GRAND  PALACE;49328;Saumur;49
CINE NOVA;44195;Savenay;44
TURENNE;08409;Sedan;08
REX;61464;SÃ©es;61
LE MAINGUE;49331;SegrÃ©-en-Anjou Bleu;49
LE STUDIO;41242;Selles-sur-Cher;41
JEANNE D ARC;60612;Senlis;60
L'AMBIANCE;28373;Senonches;28
CINEMA CONFLUENCES SENS;89387;Sens;89
SEZ ART;51535;SÃ©zanne;51
CGR SOISSONS;02722;Soissons;02
LE SULLY;45315;Sully-sur-Loire;45
PETIT CASINO;41198;Saint-Aignan;41
LE MODERNE;18197;Saint-Amand-Montrond;18
SAINT JOSEPH;49292;Val-du-Layon;49
 MAUCLERC;35253;Saint-Aubin-du-Cormier;35
JOACASINO;14562;Saint-Aubin-sur-Mer;14
CINEJADE;44154;Saint-Brevin-les-Pins;44
CLUB 6;22278;Saint-Brieuc;22
ZOOM;72269;Saint-Calais;72
L'ESCALE;37214;Saint-Cyr-sur-Loire;37
CINE-QUAI;52448;Saint-Dizier;52
MONTLUC CINEMA;44158;Saint-Ã‰tienne-de-Montluc;44
RIO;18207;Saint-Florent-sur-Cher;18
FOYER MUNICIPAL;89068;Chablis;89
CINE GLONNE;49244;Mauges-sur-Loire;49
JULIEN MAUNOIR;35271;Saint-Georges-de-Reintembault;35
ERMITAGE;02680;Saint-Gobain;02
LUTETIA;44162;Saint-Herblain;44
UGC CINE CITE ATLANTIS;44162;Saint-Herblain;44
REX;50484;Saint-Hilaire-du-HarcouÃ«t;50
JEANNE MOREAU;60581;Saint-Just-en-ChaussÃ©e;60
CINEMOVIKING;50502;Saint-LÃ´;50
FAMILIAL;35287;Saint-Lunaire;35
ESPACE BORIS VIAN;49301;SÃ¨vremoine;49
LE VAUBAN 2- LA GRANDE PASSERELLE;35288;Saint-Malo;35
CINE VAUBAN;35288;Saint-Malo;35
LA MALOUINE;44176;Saint-Malo-de-Guersac;44
SALLE JEANNE D ARC;44180;Saint-Mars-la-Jaille;44
SALLE BARBARA;49306;Saint-Martin-du-Fouilloux;49
SALLE PATRICE LECONTE;37226;Sainte-Maure-de-Touraine;37
LE CELTIC;35297;Saint-MÃ©en-le-Grand;35
SALLE ST MICHEL;44182;Saint-Michel-Chef-Chef;44
JACQUES TATI;44184;Saint-Nazaire;44
CINEVILLE;44184;Saint-Nazaire;44
CINE PRESQU'ILE;44069;GuÃ©rande;44
VOX;80711;Saint-Ouen;80
CINE PHIL;44188;Saint-Philbert-de-Grand-Lieu;44
CENTRE CULTUREL COMMUNAL;37233;Saint-Pierre-des-Corps;37
AIGLON;53246;Saint-Pierre-des-Nids;53
REXY;14654;Saint-Pierre-en-Auge;14
MAJESTIC;29259;Saint-Pol-de-LÃ©on;29
ARLETTY;22325;Saint-Quay-Portrieux;22
CGR SAINT QUENTIN;02691;Saint-Quentin;02
LE BRETAGNE;29260;Saint-Renan;29
MEGA CGR;72320;Saint-Saturnin;72
FOYER RURAL;18235;Sainte-Solange;18
CASINO MUNICIPAL;76655;Saint-Valery-en-Caux;76
CASINO;02738;Tergnier;02
ST LOUIS;61484;Val-au-Perche;61
PATHE PARC MILLESIME;51569;Thillois;51
CINEMA SAINT-LOUIS;49345;Bellevigne-en-Layon;49
Salle Saint-Gobain;60636;Thourotte;60
LE NORMANDY;14689;Le Hom;14
LE NORMANDY;61486;Tinchebray-Bocage;61
CINEMA THEATRE;89418;Tonnerre;89
CINETOILES;89419;Toucy;89
LE FOYER;36224;Tournon-Saint-Martin;36
STUDIO DES URSULINES;37261;Tours;37
MEGA CGR 2 LIONS;37261;Tours;37
MEGA CGR CENTRE;37261;Tours;37
CINELAND;22360;TrÃ©gueux;22
JOACASINO;76711;Le TrÃ©port;76
CGR TROYES;10387;Troyes;10
ATLANTIC;44211;La Turballe;44
LES ARCADES;27701;Val-de-Reuil;27
LE CEP;44212;Vallet;44
TRIANON;50615;Valognes;50
GARENNE;56260;Vannes;56
CINEVILLE PARC LANN;56260;Vannes;56
CINE VENDOME;41269;VendÃ´me;41
CINEMA THEATRE TRIANON;27679;Verneuil d'Avre et d'Iton;27
THEATRE;27681;Vernon;27
CINE VAILLANT;44215;Vertou;44
PICCOLI PICCOLO;02789;Vervins;02
CINEMA LE REX ANAIS AUBERT;76735;Veules-les-Roses;76
CINE'FIL;49373;Lys-Haut-Layon;49
LE REX;50639;Villedieu-les-PoÃªles-Rouffigny;50
CLUB 80;02810;Villers-CotterÃªts;02
CINEMA DU CASINO;14754;Villers-sur-Mer;14
LE BASSELIN;14762;Vire Normandie;14
AURORE CINEMA;35360;VitrÃ©;35
PIERRE BRASSEUR;51649;Vitry-le-FranÃ§ois;51
LES TOURELLES;08490;Vouziers;08
SALLE DES FETES;02517;Montigny-sur-CrÃ©cy;02
L'ESPACE LA GARENNE;44098;Missillac;44
CINEMA LES ARCHES LUMIERE;76758;Yvetot;76
PATHE ATLANTIS;44162;Saint-Herblain;44
SALLE ALAIN BASHUNG;89348;Saint-Julien-du-Sault;89
CINE LUMIERE;18279;Vierzon;18
CINEVILLE;44190;Saint-SÃ©bastien-sur-Loire;44
CINEVILLE;29232;Quimper;29
LA PLEIADE;37195;La Riche;37
LA PARENTHESE;37018;Ballan-MirÃ©;37
PATHE TOURS;37261;Tours;37
EMERAUDE CINEMAS;35241;La Richardais;35
UTOPIA;10297;Pont-Sainte-Marie;10
CINEVILLE;35352;Vern-sur-Seiche;35
VOX INITERANT;45329;TriguÃ¨res;45
PATHE CAPUCINS;29019;Brest;29
CINEMA GRAND ECRAN LA CHAPELLE SUR ERDRE;44035;Chapelle-sur-Erdre;44
CGR AGEN;47001;Agen;47
THEOPHILE DE VIAU;47004;Aiguillon;47
GALAXIE;40001;Aire-sur-l'Adour;40
ESPACE CULTUREL VILLENEUVE;85003;Aizenay;85
CGR ALBI LAPEROUSE;81004;Albi;81
CINEMA SALLE ARCE;81004;Albi;81
MONCINE;64024;Anglet;64
CITE INTERN DE LA BANDE DESSINEE ET DE L'IMAGE;16015;AngoulÃªme;16
MEGA CGR;16015;AngoulÃªme;16
CGR EPERON ANGOULEME;16015;AngoulÃªme;16
GRAND ECRAN;33009;Arcachon;33
CASINO;65025;ArgelÃ¨s-Gazost;65
LE TURENNE;19010;Argentat-sur-Dordogne;19
LE COMMYNES;79013;Argentonnay;79
MAISON DU VAL D'AZUN;65032;Arrens-Marsous;65
SAINT MICHEL;64062;Arudy;64
SALLE POLYVALENTE;12011;Arvieu;12
LE CARFOUR;85008;Aubigny-Les Clouzeaux;85
COLBERT;23008;Aubusson;23
JEAN MARAIS;31022;Aucamville;31
CINE 32;32013;Auch;32
L'OUSTAL;31033;Auterive;31
STUDIO 7;31036;Auzielle;31
CASINO;09032;Ax-les-Thermes;09
LE MAINTENON;65059;BagnÃ¨res-de-Bigorre;65
REX;31042;BagnÃ¨res-de-Luchon;31
CINEMA DE BARAQUEVILLE;12056;Baraqueville;12
SALLE COMMUNALE;47021;Barbaste;47
LE CLUB;16028;Barbezieux-Saint-Hilaire;16
LE REFUGE;65481;BarÃ¨ges;65
L'AUTRE CINEMA;64102;Bayonne;64
VOG;33036;Bazas;33
LES NOUVEAUX BLEUS;82013;Beaumont-de-Lomagne;82
LA LANTERNE;33039;BÃ¨gles;33
LUX;87011;Bellac;87
CYRANO;24037;Bergerac;24
ROYAL;64122;Biarritz;64
ROBERT DOISNEAU;46029;Biars-sur-CÃ¨re;46
CENTRE CULTUREL;33051;Biganos;33
LE RENOIR;40046;Biscarrosse;40
MEGA CGR;31069;Blagnac;31
REX;31069;Blagnac;31
COLONNES;33056;Blanquefort;33
SELECT;16046;CÃ´teaux du Blanzacais;16
LE ZOETROPE;33058;Blaye;33
MEGA CGR LE FRANCAIS;33063;Bordeaux;33
UGC CINE CITE;33063;Bordeaux;33
MEGARAMA;33063;Bordeaux;33
UTOPIA;33063;Bordeaux;33
LE 7 EME ART;19028;Bort-les-Orgues;19
CINE LUMIERE;31080;Boulogne-sur-Gesse;31
CINEMA CLAUDE MILLER;23030;Bourganeuf;23
LE FAUTEUIL ROUGE;79049;Bressuire;79
LE FIEF;85035;Bretignolles-sur-Mer;85
MEGA CGR;19031;Brive-la-Gaillarde;19
REX 1;19031;Brive-la-Gaillarde;19
LUX LOUIS DELLUC;24068;Le Buisson-de-Cadouin;24
MEGA CGR;86041;Buxerolles;86
SALLE POLYVALENTE;46040;Cabrerets;46
SALLE LUX;33081;Cadillac;33
LE QUERCY;46042;Cahors;46
LE TEMPLE;12044;CamarÃ¨s;12
L'AIGLON;64160;Cambo-les-Bains;64
CENTRE SIMONE SIGNORET;33090;CanÃ©jan;33
RIO CINEMA;40065;Capbreton;40
ATMOSPHERE;12052;Capdenac-Gare;12
CENTRE AUDIOVISUEL;33095;Captieux;33
CASINO;65127;Capvern;65
FAVOLS;33096;Carbon-Blanc;33
CINE CARBONNE;31107;Carbonne;31
CENTRE CULTUREL DE L ESTRAN;33097;Carcans;33
CLAP CINE;81060;Carmaux;81
SALLE MULTISERVICE;64167;CarrÃ¨re;64
M J C  CINE 113;31113;Castanet-Tolosan;31
LE CASTELIA;31116;Castelginest;31
L'ODYSSEE;47052;Casteljaloux;47
LE MELIES;31117;Castelmaurou;31
SALLE COMMUNALE POLYVALENTE;09082;Castelnau-Durban;09
VOX;82033;Castelsarrasin;82
KURSAAL;40075;Castets;40
CINE 4;47057;CastillonnÃ¨s;47
CGR CASTRES;81065;Castres;81
CINEMA THEATRE;82037;Caussade;82
CASINO;65138;Cauterets;65
ARMAGNAC;32096;Cazaubon;32
LES CAPUCINS;31135;CazÃ¨res;31
7EME ART;79062;Cerizay;79
COMPLEXE LE REX;33122;Cestas;33
CINE TRISKELL;85047;Challans;85
CINE LUMIERE;85051;Chantonnay;85
SALLE COMMUNALE;85152;Les Achards;85
VOX;16085;Chasseneuil-sur-Bonnieure;16
SALLE BELLE EPINE;85059;La ChÃ¢taigneraie;85
COLISEE;87040;ChÃ¢teauneuf-la-ForÃªt;87
LES 400 COUPS;86066;ChÃ¢tellerault;86
LOFT CINEMAS;86066;ChÃ¢tellerault;86
REX;86070;Chauvigny;86
FOYER CULTUREL;79083;Chef-Boutonne;79
LE CINE-MALICE;86078;Civray;86
LE MAGNOAC;65148;Cizos;65
CINE 32 GASCOGNE;32107;Condom;32
LE CAPITOLE;16106;Confolens;16
LA MALINE;17121;La Couarde-sur-Mer;17
LE MARCHOIS;23067;La Courtine;23
HENRI GEORGES CLOUZOT;79048;La CrÃ¨che;79
MAX LINDER;33140;CrÃ©on;33
LE GRAND CLUB;40088;Dax;40
LA STRADA;12089;Decazeville;12
LE CINEMA;87059;Le Dorat;87
SALLE DES FETES;23075;Dun-le-Palestel;23
CINEMA DE GOURETTE;64204;Eaux-Bonnes;64
FOYER ARMAGNAC EAUZE;32119;Eauze;32
L ESPLANADE;19073;Ã‰gletons;19
SALLE FRANCOIS PIAT;19073;Ã‰gletons;19
CINEMA POUR TOUS;12094;Entraygues-sur-TruyÃ¨re;12
REX;12096;Espalion;12
ALPHA;23076;Ã‰vaux-les-Bains;23
JEAN GABIN;87064;Eymoutiers;87
JEAN RENOIR;33162;Eysines;33
LE ROC;85089;La FerriÃ¨re;85
CHARLES BOYER;46102;Figeac;46
GRAND ANGLE;32132;Fleurance;32
REX;09122;Foix;09
CENTRE CULTUREL;09122;Foix;09
MEGA CGR;86100;Fontaine-le-Comte;86
CINEMA LE RENAISSANCE;85092;Fontenay-le-Comte;85
CASINO;17168;Fouras;17
CINE FRONTON;31202;Fronton;31
IMAG'IN CINEMA L'OLYMPIA;81099;Gaillac;81
MEGARAMA;16146;Garat;16
LE FAMILY;64233;Garlin;64
CINEMA DE GENCAY;86103;GenÃ§ay;86
CINEMA DE LA COMMUNAUTE DE COMMUNE;32147;Gimont;32
L'ATALANTE;46127;Gourdon;46
L'ATELIER;46128;Gramat;46
CINEMA VERTIGO;81105;Graulhet;81
L'ENTRACT;31232;Grenade;31
SENECHAL;23096;GuÃ©ret;23
GETARI ENEA;64249;GuÃ©thary;64
GERARD PHILIPE;33199;Gujan-Mestras;33
AQUITAINE;40119;Hagetmau;40
L'ENTREPOT DES JALLES;33200;Le Haillan;33
HARITZ BARNE;64256;Hasparren;64
VARIETES;64260;Hendaye;64
LOU HAPCHOT;33203;Hourtin;33
MERIDIEN;65226;Ibos;65
CINE ILAIS;85113;L' ÃŽle-d'Yeu;85
SALLE DES FETES;31239;L' Isle-en-Dodon;31
OLYMPIA;32160;L' Isle-Jourdain;32
SALLE DES ORMEAUX;85114;Jard-sur-Mer;85
FAMILIA;17197;Jonzac;17
SALLE JACQUES BREL;81115;Labastide-Rouairoux;81
PATHE LABEGE;31254;LabÃ¨ge;31
LE FELIX;40134;Labouheyre;40
LE ROND POINT;81120;LabruguiÃ¨re;81
LE LALANO;65250;Lalanne-Trie;65
GRAND ECRAN LANGON CENTRE-VILLE;33227;Langon;33
GRAND ECRAN LANGON;33227;LANGON;33
LE GRAND RIO;65258;Lannemezan;65
LOUIS JOUVET;64320;Laruns;64
CASINO;09160;Lavelanet;09
LE SENECHAL;32208;Lectoure;32
TEMPO;31291;LÃ©guevin;31
ETOILE;86128;LencloÃ®tre;86
ESPACE CULTUREL GEORGES BRASSENS;33238;LÃ©ognan;33
CENTRE CULTUREL LEON;40150;LÃ©on;40
JEAN DUJARDIN;33240;Lesparre-MÃ©doc;33
GRAND ECRAN;33243;Libourne;33
LIDO 2;87085;Limoges;87
HORIZON GRANDS ECRANS;87085;Limoges;87
GRAND ECRAN ESTER;87085;Limoges;87
CINELIT;40157;Lit-et-Mixe;40
L ARIXO;65282;Loudenvielle;65
CINEMA CORNAY;86137;Loudun;86
LE PALAIS;65286;Lourdes;65
LE PAX;65286;Lourdes;65
LE MAJESTIC;65286;Lourdes;65
CINE TRISKELL;85128;LuÃ§on;85
MAISON DE LA VALLEE;65295;Luz-Saint-Sauveur;65
CINE JIM 32;32233;Marciac;32
L'ESTRAN;17219;Marennes;17
PLAZA;47157;Marmande;47
LE SILVERADO;16211;Marthon;16
SALLE NOTRE-DAME;32242;Masseube;32
LE FORUM;17224;Matha;17
CINE CASTEL;79079;MaulÃ©on;79
MAULE BAITHA;64371;MaulÃ©on-Licharre;64
CINEMAUV;32249;Mauvezin;32
CINEMA APOLLO;81163;Mazamet;81
LE MELIES;79174;Melle;79
MERIGNAC CINE;33281;MÃ©rignac;33
FAMILY FUN PARK;17230;Meschers-sur-Gironde;17
LE SOUBISE;19136;Meymac;19
LES CINEMAS DE MILLAU;12145;Millau;12
LE PARNASSE;40184;Mimizan;40
CINE ASTARAC;32256;Mirande;32
ESPACE CULTUREL ANDRE MALRAUX;09194;Mirepoix;09
 CONCORDE;82112;Moissac;82
CINE'MONCLAR;82115;Monclar-de-Quercy;82
STELLA;79179;Moncoutant;79
LA BOBINE;64393;Monein;64
LE LASCAUX;24294;Montpon-MÃ©nestÃ©rol;24
EDEN;33289;MonsÃ©gur;33
LE LIBERTY 1;47179;Monsempron-Libos;47
GRAND ECRAN MONTAIGU-VENDEE;85146;Montaigu-VendÃ©e;85
CGR LE PARIS;82121;Montauban;82
ANDRONIS;17240;Montendre;17
LE CINE;17241;Montguyon;17
VOX;24291;Montignac;24
LE MONTMORELIEN;16230;Montmoreau;16
MAJESTIC;86165;Montmorillon;86
CINE SELECT;81182;Montredon-LabessonniÃ©;81
VARIETES;31390;MontrÃ©jeau;31
CINELOISIRS;40197;Morcenx;40
CINE M;64410;Mourenx;64
ENTRACTE;40201;Mugron;40
BERTRAND TAVERNIER;12164;Mur-de-Barrez;12
VEO - GRAND - MERMOZ;31395;Muret;31
SALLE NOTRE DAME;24299;Mussidan;24
LE CINEMA;64417;Nay;64
LE MARGOT;47195;NÃ©rac;47
LE PARADISIO;19148;Neuvic;19
LE MAJESTIC;86177;Neuville-de-Poitou;86
LE MOULIN DU ROC;79191;Niort;79
MEGA CGR;79191;Niort;79
NOGARO CINE;32296;Nogaro;32
MIMOSA;85163;Noirmoutier-en-l'ÃŽle;85
CINEMA LOUIS DELLUC;24311;Nontron;24
LES YOLES SALLE STE THERESE;85164;Notre-Dame-de-Monts;85
LUXOR;64422;Oloron-Sainte-Marie;64
LE PIXEL;64430;Orthez;64
REX;09225;Pamiers;09
CIRCUIT DES PINS;40217;Parentis-en-Born;40
CINEMA LE FOYER;79202;Parthenay;79
CGR SAINT LOUIS;64445;Pau;64
MEGA CGR;64445;Pau;64
CINEMA LE MELIES;64445;Pau;64
EDEN;33314;Pauillac;33
CGR PERIGUEUX;24322;PÃ©rigueux;24
J.EUSTACHE;33318;Pessac;33
LE CLUB;87117;Peyrat-le-ChÃ¢teau;87
LA LUTZ;40224;Peyrehorade;40
MEGARAMA PIAN MEDOC;33322;Le Pian-MÃ©doc;33
L EUROPE;32319;Plaisance;32
ECRAN 7;31424;Plaisance-du-Touch;31
TAP CASTILLE;86194;Poitiers;86
LE DIETRICH;86194;Poitiers;86
CGR CASTILLE;86194;Poitiers;86
LE VAUBAN;17283;Pons;17
GRAND ECRAN;40230;Pontonx-sur-l'Adour;40
CAMPING MUNICIPAL;33333;Le Porge;33
SALLE DE CINEMA;40233;Pouillon;40
L'ECHIQUIER;85182;Pouzauges;85
CINEMA LOUIS MALLE;46225;Prayssac;46
LA HALLE;81220;Rabastens;81
L'AUTAN;31446;Ramonville-Saint-Agne;31
REX;33352;La RÃ©ole;33
LA MAISON POUR TOUS;12197;RÃ©quista;12
CINE GET;31451;Revel;31
MAX LINDER;24352;RibÃ©rac;24
SALLE DE CINEMA ET DE SPECTACLES VIVANTS;12198;Rieupeyroux;12
CINEMA Z;40243;Rion-des-Landes;40
LE CLUB;24354;La Roche-Chalais;24
APOLLO CINE;17299;Rochefort;17
LA HALLE AUX GRAINS;16281;La Rochefoucauld;16
LA COURSIVE;17300;La Rochelle;17
CGR DRAGON;17300;La Rochelle;17
MEGA CGR;17300;La Rochelle;17
LE KERLOUET;86207;La Roche-Posay;86
SALLE DU CHATEAU;16282;La Rochette;16
CGR RODEZ;12202;Rodez;12
LE MOULIN DE ROQUES;31458;Roques;31
LIDO;17306;Royan;17
FAMILY;16292;Ruffec;16
LE GRAND PALACE;85194;Les Sables-d'Olonne;85
L ESTRADE;40246;Sabres;40
GALLIA;17415;Saintes;17
ATLANTIC CINE;17415;Saintes;17
LE SALEYS;64499;Salies-de-BÃ©arn;64
LE 7 ÃˆME ART;33498;Salles;33
CINEMA DE SAMATAN;32410;Samatan;32
REX;24520;Sarlat-la-CanÃ©da;24
CENTRE MULTIMEDIA;09282;Saverdun;09
REX;40304;Soorts-Hossegor;40
LE PARIS;46309;Souillac;46
OCEANIC;33514;Soulac-sur-Mer;33
ATLANTIC;40310;Soustons;40
EDEN;23176;La Souterraine;23
LE PALACE;17434;SurgÃ¨res;17
LE MODERNE;12208;Saint-Affrique;12
LA VILLA MON CINE;33366;Saint-AndrÃ©-de-Cubzac;33
LA FABRIQUE;24372;Saint-Astier;24
STUDIO;24376;Saint Aulaye-Puymangou;24
CINEMA DE SAINT CERE;46251;Saint-CÃ©rÃ©;46
LE TRIANON;33389;Saint-Ciers-sur-Gironde;33
GRAND ECRAN;33397;Sainte-Eulalie;33
CINEMA LA BRECHE;33402;Sainte-Foy-la-Grande;33
LE REGENT;31483;Saint-Gaudens;31
LINO VENTURA;31484;Saint-GeniÃ¨s-Bellevue;31
EVEIL CINEMA;12224;Saint Geniez d'Olt et d'Aubrac;12
JEANNE D ARC;17331;Saint-Genis-de-Saintonge;17
LE RELAIS;17333;Saint-Georges-de-Didonne;17
CINEMARINE;85222;Saint-Gilles-Croix-de-Vie;85
MAX LINDER;09261;Saint-Girons;09
SALLE DES FETES;33417;Sainte-HÃ©lÃ¨ne;33
LE TIGRE;85223;Sainte-Hermine;85
LA VENISE VERTE;79257;Saint-Hilaire-la-Palud;79
CINEVALS;17347;Saint-Jean-d'AngÃ©ly;17
LE SELECT;64483;Saint-Jean-de-Luz;64
CINE MONTS;85234;Saint-Jean-de-Monts;85
LE VAUBAN;64485;Saint-Jean-Pied-de-Port;64
LE SELECT;40266;Saint-Julien-en-Born;40
CINE BOURSE;87154;Saint-Junien;87
LE SAINT LAURENT;65389;Saint-Laurent-de-Neste;65
REX;87161;Saint-LÃ©onard-de-Noblat;87
ART CINE;47252;Sainte-Livrade-sur-Lot;47
L'UTOPIE;47252;Sainte-Livrade-sur-Lot;47
L'ETOILE;33449;Saint-MÃ©dard-en-Jalles;33
SALLE DES FETES;82168;Saint-Nazaire-de-Valentane;82
SAINT LOUIS;64493;Saint-Palais;64
CINEMA MICHEL LEGRAND;17380;Saint-Palais-sur-Mer;17
ELDORADO;17385;Saint-Pierre-d'OlÃ©ron;17
LES TOILES DU MOUN;40281;Saint-Pierre-du-Mont;40
FLORIDA;17397;Saint-Savinien;17
MEDIA 7;40282;Saint-Sever;40
LE SEJEFY S;81271;Saint-Sulpice-la-Pointe;81
GRAND ECRAN;40284;Saint-Vincent-de-Tyrosse;40
AREVI;87187;Saint-Yrieix-la-Perche;87
UGC TALENCE;33522;Talence;33
LE MANOIR;85288;Talmont-Saint-Hilaire;85
CENTRE MULTIMEDIA;09306;Tarascon-sur-AriÃ¨ge;09
MEGA CGR;65440;Tarbes;65
MEGA CGR;40312;Tarnos;40
CINE ROC;24547;Terrasson-Lavilledieu;24
GRAND ECRAN;33529;La Teste-de-Buch;33
LE CLAIR;24551;Thiviers;24
LE KIOSQUE;79329;Thouars;79
CINE PASSION;24553;Tocane-Saint-Apre;24
CINE REX;17448;Tonnay-Boutonne;17
REX 1;47310;Tonneins;47
A B C SALLE A;31555;Toulouse;31
AMERICAN COSMOGRAPH 1;31555;Toulouse;31
LE CRATERE;31555;Toulouse;31
CINEMA LE METRO;31555;Toulouse;31
PATHE WILSON;31555;Toulouse;31
BORDEROUGE CINE;31555;Toulouse;31
UGC MONTAUDRAN;31555;Toulouse;31
ESPACE SAINT MICHEL;31028;Aurignac;31
UTOPIA SANTA MAGDALENA;31557;Tournefeuille;31
AGNES VARDA;85294;La Tranche-sur-Mer;85
L ETOILE;86273;La Trimouille;86
VEO GRAND PALACE;19272;Tulle;19
LE LUMIERE;31561;L' Union;31
 ITSAS MENDI;64545;Urrugne;64
LE CARNOT;19275;Ussel;19
CINEMA LOUIS JOUVET;19276;Uzerche;19
APOLLO;82186;Valence;82
FOYER RURAL;46330;Vayrac;46
OBAULABA PLEIN AIR;33540;Vendays-Montalivet;33
MJC VERDUN SUR GARONNE;82190;Verdun-sur-Garonne;82
CINEVIC;65460;Vic-en-Bigorre;65
CINE VIC;32462;Vic-Fezensac;32
ALBRET;40328;Vieux-Boucau-les-Bains;40
CINE BOR;31582;Villefranche-de-Lauragais;31
VOX;12300;Villefranche-de-Rouergue;12
MEGA CGR;33550;Villenave-d'Ornon;33
CYRANO;47323;Villeneuve-sur-Lot;47
SALLE DU COLLEGE;86298;Vouneuil-sur-Vienne;86
LE PALMYR;17225;Les Mathes;17
TICKY HOLGADO;31066;BessiÃ¨res;31
VEO GRAND-CENTRAL;31149;Colomiers;31
LA DOLCE VITA;33005;Andernos-les-Bains;33
CINEVILLE;85191;La Roche-sur-Yon;85
LE CONCORDE;85191;La Roche-sur-Yon;85
MEGA CGR CENTRE;64102;Bayonne;64
CGR MONTAUBAN;82121;Montauban;82
STUDIO JULES FERRY;47001;Agen;47
CGR ALBI;81004;Albi;81
LE GRAND CLUB;40192;Mont-de-Marsan;40
LA MUSE;82025;Bressols;82
CGR LESCAR;64335;Lescar;64
studio 53;24053;Boulazac Isle Manoire;24
KINEPOLIS FENOUILLET;31182;Fenouillet;31
L'ASTRO'LAB;31248;Labarthe-sur-LÃ¨ze;31
LE GRAND PALAIS;46042;Cahors;46
LE GRAND LUX;85109;Les Herbiers;85
ECRAN 7;31526;La Salvetat-Saint-Gilles;31
GALAXY;16089;ChÃ¢teaubernard;16
SALLE DE PROJECTION SPECTACLE DU GRENIER DE MONSIEUR;12307;Curan;12
UGC CINE CITE BASSINS A FLOT;33063;Bordeaux;33
SALLE DE PROJECTION ESPACE MARCEL CALMELS;12244;Saint-Rome-de-Tarn;12
LUXOR VALLEES;64040;Arette;64
ESPACE CULTUREL AREA;62014;Aire-sur-la-Lys;62
IDEAL CINEMA;59008;Aniche;59
CINEMA LES LUMIERES;59017;ArmentiÃ¨res;59
MEGARAMA ARRAS;62041;Arras;62
LE CASINO;62041;Arras;62
CINE THEATRE LOUIS ARAGON;62048;Auchel;62
CAMEO;59036;Avesnes-sur-Helpe;59
LE FAMILIA;62065;Avion;62
FLANDRIA;59043;Bailleul;59
THEATRE SAINT MARTIN;62100;Beaurainville;62
CINOS;62108;Berck;62
ETOILE BETHUNE;62119;BÃ©thune;62
MEGARAMA BOULOGNE-SUR-MER;62160;Boulogne-sur-Mer;62
LE FOYER;59098;Bousbecque;59
FA MI LA;59107;Bray-Dunes;59
ETOILES;62178;Bruay-la-BuissiÃ¨re;62
MEGA CGR;62178;Bruay-la-BuissiÃ¨re;62
L'ALHAMBRA;62193;Calais;62
LE PALACE;59122;Cambrai;59
SELECT;59136;Le Cateau-CambrÃ©sis;59
MILLENIUM;59139;Caudry;59
PATHE CITE EUROPE;62239;Coquelles;62
ESPACE JEAN VILAR;59155;Coudekerque-Branche;59
LE TRAVELLING;62250;CourriÃ¨res;62
MEGARAMA;59172;DENAIN;59
CINE DESVRES;62268;Desvres;62
HIPPODROME;59178;Douai;59
 MAJESTIC;59178;Douai;59
JEAN RENOIR;59179;Douchy-les-Mines;59
OCINE MARINE;59183;Dunkerque;59
STUDIO 43 SALLE CHARLIE CHAPLIN;59183;Dunkerque;59
LE PALACE;59249;Fourmies;59
LE VARLIN;59271;Grande-Synthe;59
CINEMA SPORTICA;59273;Gravelines;59
LE FAMILIA;59279;Halluin;59
LE PRÃ‰VERT;62413;Harnes;62
ARC EN CIEL;59295;Hazebrouck;59
CINEVILLE;62427;HÃ©nin-Beaumont;62
REGENT;59324;Jeumont;59
CINE LAMBERSART;59328;Lambersart;59
AMICAL CINE;59339;Leers;59
PATHE LIEVIN;62510;LiÃ©vin;62
UGC CINE CITE LILLE;59350;Lille;59
METROPOLE;59350;Lille;59
MAJESTIC;59350;Lille;59
KINEPOLIS;59350;Lille;59
LE PONT DES ARTS;59378;Marcq-en-BarÅ“ul;59
ESPACE CULTUREL ROBERT HOSSEIN;59400;Merville;59
THÃ‰Ã‚TRE DE MONTREUIL-SUR-MER;62588;Montreuil;62
CINEMA 2001;62604;NeufchÃ¢tel-Hardelot;62
GERARD PHILIPE;59508;Roncq;59
LE DUPLEXE;59512;Roubaix;59
AGORA CINE;59553;Santes;59
REX;59572;Solre-le-ChÃ¢teau;59
CIN'AMAND;59526;Saint-Amand-les-Eaux;59
OCINE;62765;Saint-Omer;62
LE REGENCY;62767;Saint-Pol-sur-Ternoise;62
MODERN CINE;59586;Templeuve-en-PÃ©vÃ¨le;59
OLYMPIA CINE;59586;Templeuve-en-PÃ©vÃ¨le;59
FOYER;59592;Thumeries;59
LES 3 AS;62826;Le Touquet-Paris-Plage;62
STUDIOS DU FRESNOY;59599;Tourcoing;59
LES ECRANS;59599;Tourcoing;59
PATHE VALENCIENNES;59606;Valenciennes;59
LE KINO CINE;59009;Villeneuve-d'Ascq;59
LE MELIES;59009;Villeneuve-d'Ascq;59
UGC CINE CITE;59009;Villeneuve-d'Ascq;59
SALLE GERARD PHILIPE;59646;Wasquehal;59
OCINE;59392;Maubeuge;59
STUDIO;73024;Les Avanchers-Valmorel;73
LA SALLE DE SPECTACLE ET LE CINEMA;73006;Aime-la-Plagne;73
VICTORIA;73008;Aix-les-Bains;73
LE DOME GAMBETTA;73011;Albertville;73
LE DOME;73011;Albertville;73
CASSE MASSION;73013;Albiez-Montrond;73
BEL' DONNE;38006;Allevard;38
LE MOTTARET;73015;Les Allues;73
LA FACADE 1;63003;Ambert;63
CINEMA DE LA VIOUZE;63004;Les Ancizes-Comps;63
PATHE ANNECY;74010;Annecy;74
NEMOURS;74010;Annecy;74
CINEMA MJC NOVEL;74010;Annecy;74
ESPACE 300;74010;Annecy;74
CINE ACTUEL MJC;74012;Annemasse;74
NACELLES;07010;Annonay;07
SALLE DE CINEMA;71009;Anost;71
CINE CARROZ;74014;ArÃ¢ches-la-Frasse;74
PATHE;74016;Archamps;74
PATHE AUBIERE;63014;AubiÃ¨re;63
SALLE POLYVALENTE;63016;Augerolles;63
CINE CRISTAL;15014;Aurillac;15
LES ECRINS;38020;Auris;38
LE CLOS;38225;Autrans-MÃ©audre en Vercors;38
ARLETTY;71014;Autun;71
L EMPIRE;21038;Auxonne;21
STELLA CINEMA;25047;Baume-les-Dames;25
SALLE DE LA CHAUDANNE;73034;Beaufort;73
COUR DE L'ECOLE;07028;Beaulieu;07
CGR BEAUNE;21054;Beaune;21
L'ORON;38034;Beaurepaire;38
KINEPOLIS BELFORT;90010;Belfort;90
VARIETES;01033;Bellegarde-sur-Valserine;01
STUDIO;73150;La Plagne Tarentaise;73
LE SINGULIER CINEMA;69019;Belleville;69
ARLEQUIN;01034;Belley;01
PLAZZA VICTOR HUGO;25056;BesanÃ§on;25
ESPACE PLANOISE;25056;BesanÃ§on;25
MEGARAMA BEAUX  ARTS;25056;BesanÃ§on;25
FOYER RURAL;63038;Besse-et-Saint-Anastaise;63
SALLE DE CINEMA;43165;RosiÃ¨res;43
L ENTRACT;42019;BoÃ«n-sur-Lignon;42
CinÃ© ChÃ¢teau;74042;Bonneville;74
RIO BORVO;71047;Bourbon-Lancy;71
CASINO;03036;Bourbon-l'Archambault;03
LE ROXY;63047;La Bourboule;63
FOYER;42023;Bourg-Argental;42
SALLE POLYVALENTE;38052;Le Bourg-d'Oisans;38
CINEMA LES ECRINS;38052;Le Bourg-d'Oisans;38
 LA  GRENETTE;01053;Bourg-en-Bresse;01
KINEPOLIS;38053;Bourgoin-Jallieu;38
LE COEUR D'OR;73054;Bourg-Saint-Maurice;73
LE DORON;73057;Brides-les-Bains;73
PARIS;43040;Brioude;43
LES ALIZES;69029;Bron;69
reg'Art;26063;Buis-les-Baronnies;26
SALLE MELIES;69034;Caluire-et-Cuire;69
LE CHALL ENGER;73064;Challes-les-Eaux;73
ESPACE DES ARTS;71076;Chalon-sur-SaÃ´ne;71
MEGARAMA;71076;Chalon-sur-SaÃ´ne;71
CINE'MALRAUX;73065;ChambÃ©ry;73
ASTREE;73065;ChambÃ©ry;73
FORUM CINEMA;73065;ChambÃ©ry;73
CINEMASCOOP;43051;Le Chambon-sur-Lignon;43
VOX;74056;Chamonix-Mont-Blanc;74
REPUBLIQUE;39097;Champagnole;39
RHODO;73071;Champagny-en-Vanoise;73
SALLE DES FETES;69270;Chaponnay;69
ALPHA;69044;CharbonniÃ¨res-les-Bains;69
CRYSTAL PALACE;58059;La CharitÃ©-sur-Loire;58
LES HALLES;42052;Charlieu;42
CINÃ‰MA DE CHARMOILLE;25125;Charmoille;25
LE TIVOLI;71106;Charolles;71
ETOILE CINEMA;58062;ChÃ¢teau-Chinon (Ville);58
LE CHAMOIS;74063;ChÃ¢tel;74
L'Etoile;01093;ChÃ¢tillon-sur-Chalaronne;01
SELECT;21154;ChÃ¢tillon-sur-Seine;21
LA SOURCE;15045;Chaudes-Aigues;15
CINE ACTION PALACE;71120;Chauffailles;71
JEANNE D'ARC;69052;Chazay-d'Azergues;69
VOX;07064;Le Cheylard;07
THEATRE DE VERDURE;07066;ChomÃ©rac;07
CASINO;58079;Clamecy;58
L'ODYSSEE;71133;La Clayette;71
SALLE JEAN GIONO;38113;Clelles;38
CINE CAPITOLE;63113;Clermont-Ferrand;63
LE RIO;63113;Clermont-Ferrand;63
 CINE JAUDE;63113;Clermont-Ferrand;63
LES AMBIANCES;63113;Clermont-Ferrand;63
LE PARIS;63113;Clermont-Ferrand;63
CGR CLERMONT FERRAND VAL ARENA;63113;Clermont-Ferrand;63
FOYER RURAL;71135;ClessÃ©;71
LES ARTS;71137;Cluny;71
DANAY;74080;La Clusaz;74
STUDIO 1600;74081;Cluses;74
CINE CLUSES;74081;Cluses;74
THEATRE ALPHONSE THIVRIER;03082;Commentry;03
EDEN CINEMA;58086;Cosne-Cours-sur-Loire;58
GERGOVIE;63124;Cournon-d'Auvergne;63
SALLE EMILIEN MICHOUX;69066;Cours;69
LA TURBINE;74010;Annecy;74
ESPACE CULTUREL EOLE;69069;Craponne;69
THEATRE EDEN;26108;Crest;26
CINE MORVAN;71153;Le Creusot;71
LE CINE;07076;Cruas;07
SALLE PAULETTE DONZEL;25271;Gilley;25
AQUEDUC;69072;Dardilly;69
LE TOBOGGAN;69275;DÃ©cines-Charpieu;69
CINEAL;58095;Decize;58
HALLE DES CINQ FONTAINES;90033;Delle;90
LE PESTEL;26113;Die;26
CINE LABOR;26114;Dieulefit;26
MAJESTIC;71176;Digoin;71
OLYMPIA;21231;Dijon;21
DARCY;21231;Dijon;21
ELDORADO;21231;Dijon;21
PATHE;21231;DIJON;21
LES TANNEURS;39198;Dole;39
RENE FALLET;03102;Dompierre-sur-Besbre;03
SALLE DES FETES;26116;DonzÃ¨re;26
L ESPACE;74105;Douvaine;74
LE MAUBOURG;43087;DuniÃ¨res;43
PATHE ECHIROLLES;38151;Ã‰chirolles;38
MEGARAMA;25212;Ã‰cole-Valentin;25
ECULLY CINEMA;69081;Ã‰cully;69
LE MONTCELET;38155;Entre-deux-Guiers;38
ROYAL;74119;Ã‰vian-les-Bains;74
VOLTAIRE;01160;Ferney-Voltaire;01
CINE FEURS;42094;Feurs;42
MAJESTIC;42095;Firminy;42
L'IGLOO;73116;Fontcouverte-la-Toussuire;73
L EMBELLIE;73117;Fourneaux;73
CINE FRANCHEVILLE;69089;Francheville;69
LE CHARDON;03118;Gannat;03
ODEON;21292;Genlis;21
LE CLUB;74134;Les Gets;74
CINEMA LE PATIO;01173;Gex;01
LE LAUSSY;38179;GiÃ¨res;38
CINE VOLANT;90052;Giromagny;90
MEGARAMA;69091;Givors;69
LES RHODOS;74136;Le Grand-Bornand;74
LE CHARMIEUX;74136;Le Grand-Bornand;74
REX;38185;Grenoble;38
CLUB;38185;Grenoble;38
 NEF;38185;Grenoble;38
PATHE GRENOBLE;38185;Grenoble;38
LE SCIALET;38186;Gresse-en-Vercors;38
LE DANTON;71230;Gueugnon;71
SALLE MUNICIPALE;07102;Guilherand-Granges;07
NOVELTY;01185;Hauteville-Lompnes;01
PALAIS;38191;Huez;38
CINE MODERN;63178;Issoire;63
SALLE DE LA CANTINE;42039;Chalmazel-JeansagniÃ¨re;42
VOX;21336;Laignes;21
LE FOYER;07128;Lalouvesc;07
L'ETERLOU;73142;Landry;73
LE CAIRN;38205;Lans-en-Vercors;38
LA RAMASSE;73290;Val-Cenis;73
CHANTELOUVE;73290;Val-Cenis;73
LE PALACE;39300;Lons-le-Saunier;39
4C;39300;Lons-le-Saunier;39
MEGARAMA;39300;Lons-le-Saunier;39
ESPACE(S);26166;Loriol-sur-DrÃ´me;26
VOX;58149;Luzy;58
PATHE BELLECOUR;69123;Lyon ;69
COMOEDIA;69123;Lyon ;69
LE CINEMA;69123;Lyon ;69
CINEDUCHERE;69123;Lyon ;69
LumiÃ¨re Bellecour;69123;Lyon ;69
ASTORIA;69123;Lyon ;69
LumiÃ¨re Fourmi;69123;Lyon ;69
CINEMA BELLECOMBE;69123;Lyon ;69
LumiÃ¨re Terreaux;69123;Lyon ;69
CINEMA OPERA;69123;Lyon ;69
UGC CINE CITE;69123;Lyon ;69
SAINT DENIS;69123;Lyon ;69
PATHE VAISE;69123;Lyon ;69
PATHE MACON;71270;MÃ¢con;71
LES ECRINS;73150;La Plagne Tarentaise;73
SALLE SAINT MICHEL;25356;MaÃ®che;25
VOX;71275;Marcigny;71
CINEMATOUR;71289;Matour;71
LE PRE BOURGES;15120;Mauriac;15
PANORAMIC;74173;MegÃ¨ve;74
SALLE COMMUNALE;01241;Meillonnas;01
CINEMA LE MONT D'OR;25380;MÃ©tabief;25
CINEMA L HORLOGE;01244;Meximieux;01
CINEMA LE RABELAIS;74010;Annecy;74
CINE-MEYZIEU;69282;Meyzieu;69
SALLE DES FETES;01247;Mijoux;01
SALLE DES FETES;01249;Miribel;01
LE GRAND AIR;73157;Modane;73
FRANCOIS TRUFFAUT;39333;Moirans-en-Montagne;39
LA CAPITELLE;43137;Monistrol-sur-Loire;43
LE PHENIX;21425;Montbard;21
COLISEE CONCORDE;25388;MontbÃ©liard;25
CinÃ©ma REX;42147;Montbrison;42
L EMBARCADERE;71306;Montceau-les-Mines;71
OLYMPIC;63236;Mont-Dore;63
PALACE;26198;MontÃ©limar;26
SALLE DES TEMPLIERS;26198;MontÃ©limar;26
NEF;26198;MontÃ©limar;26
PALACE;03185;MontluÃ§on;03
SALLE LES AUGUSTINS;01262;Montluel;01
CHARLIE CHAPLIN;73171;MontmÃ©lian;73
 SALLE D'ANIMATION RURALE;26208;Montoison;26
SALLE POLYVALENTE;07189;Ribes;07
FORUM;73173;Montricher-Albanne;73
RUITOR;73176;Montvalezan;73
LE DAUPHIN;38261;Morestel;38
CASINO;39368;Hauts de Bienne;39
CINEMA JEAN CARMET;69141;Mornant;69
LE PARIS;25411;Morteau;25
L ATALANTE;25411;Morteau;25
REX;74191;Morzine;74
LES PORTES DU SOLEIL;74191;Morzine;74
CGR MOULINS;03190;Moulins;03
REX;73181;MoÃ»tiers;73
L ARVERNE;15138;Murat;15
LE THEATRE;38269;La Mure;38
CLUB;01269;Nantua;01
REX;69143;Neuville-sur-SaÃ´ne;69
CINE MAZARIN;58194;Nevers;58
LE FOYER;42159;NoirÃ©table;42
CINEMA NUITON;21464;Nuits-Saint-Georges;21
ARLEQUIN;26220;Nyons;26
SALLE DU TISSAGE;07167;Les OlliÃ¨res-sur-Eyrieux;07
 SALLE LES CHAVANNES;74205;Onnion;74
ELDORADO;25434;Ornans;25
JEAN RENOIR;01283;Oyonnax;01
ATMOSPHERE;01283;Oyonnax;01
BEAUSEJOUR;42165;PanissiÃ¨res;42
CinÃ©ma L'Empire;71342;PARAY-LE-MONIAL;71
"CinÃ©ma ""Le Grand Rex""";38298;Le PÃ©age-de-Roussillon;38
CINÃ‰PILAT;42168;PÃ©lussin;42
MAISON DU PEUPLE;69152;Pierre-BÃ©nite;69
LE CINEMA;26235;Pierrelatte;26
SALLE DES FETES;15153;Pleaux;15
CINE COMTE;39434;Poligny;39
CHATEAU DE PLUVY;69155;Pomeys;69
SALLE MJC;21496;Pontailler-sur-SaÃ´ne;21
OLYMPIA;25462;Pontarlier;25
JEAN RENOIR;38314;Pontcharra;38
LE DIAMANT;38315;Le Pont-de-Beauvoisin;38
VARIETES;38316;Pont-de-ChÃ©ruy;38
LE FOYER;25463;Pont-de-Roide-Vermondans;25
LE TRAIN CINEMA;26252;Portes-lÃ¨s-Valence;26
SALLE DU THEATRE DE LA MAIRIE;58205;Ouroux-en-Morvan;58
LE PARC;73206;Pralognan-la-Vanoise;73
LE VIVARAIS 1;07186;Privas;07
CINE DYKE;43157;Le Puy-en-Velay;43
PATHE CAP VERT;21515;Quetigny;21
MAISON POUR TOUS;74220;Reignier-Ã‰sery;74
SALLE DU FOYER;43162;Retournac;43
CinÃ© Rillieux;69286;Rillieux-la-Pape;69
CinÃ©ma Arcadia;63300;Riom;63
LE QUAI DES ARTS;15162;Riom-Ã¨s-Montagnes;15
CINE CHAPLIN;42186;Rive-de-Gier;42
ESPACE RENOIR 1;42187;Roanne;42
LE GRAND PALAIS;42187;Roanne;42
LE PARC;74224;La Roche-sur-Foron;74
L'OPSIS;42189;Roche-la-MoliÃ¨re;42
CINE PLANETE;26281;Romans-sur-IsÃ¨re;26
CINE LUMIERE;26281;Romans-sur-IsÃ¨re;26
LE FOYER;07199;RosiÃ¨res;07
QUINSONNET;39470;Les Rousses;39
Les LumiÃ¨res de la Ville;74225;Rumilly;74
LE STRAPONTIN;69171;Sain-Bel;69
L'ABREUVOIR;21579;Salives;21
CINE MONT BLANC;74256;Sallanches;74
LE CRIOU;74258;SamoÃ«ns;74
ETOILE CINEMA;21584;Saulieu;21
ETOILE CINEMA;21603;Semur-en-Auxois;21
AUDITORIUM DE SEYNOD;74010;Annecy;74
LE CONDATE;74269;Seyssel;74
SALLE DES FETES;74272;Sillingy;74
SALLE DES FETES;63314;Saint-Amant-Roche-Savine;63
SALLE POLYVALENTE;38359;Saint Antoine l'Abbaye;38
CIN'ETOILE;42204;Saint-Bonnet-le-ChÃ¢teau;42
MAISON DU PEUPLE 2;39478;Saint-Claude;39
ESPACE DES COLLINES;26301;Saint-Donat-sur-l'Herbasse;26
LA VENCE SCENE;38382;Saint-Ã‰grÃ¨ve;38
MEGARAMA JEAN JAURES;42218;Saint-Ã‰tienne;42
LE MELIES SAINT FRANCOIS;42218;Saint-Ã‰tienne;42
LE MELIES;42218;Saint-Ã‰tienne;42
MEGARAMA CHAVANELLE;42218;Saint-Ã‰tienne;42
VEO GRAND LUMIERE;42207;Saint-Chamond;42
DELTA;15187;Saint-Flour;15
CINE MOURGUET;69202;Sainte-Foy-lÃ¨s-Lyon;69
FANNY;73235;Saint FranÃ§ois Longchamp;73
LE COLISEE;42222;Saint-Galmier;42
SALLE PINATEL;42223;Saint-Genest-Lerpt;42
ESPACE JULES VERNE;42224;Saint-Genest-Malifaux;42
CINÃ‰ LA MOUCHE;69204;Saint-Genis-Laval;69
L ATMOSPHERE SALLE A PREJEAN;73236;Saint-Genix-sur-Guiers;73
SELECT CINE;58246;Saint-HonorÃ©-les-Bains;58
LES AIGUILLES;73242;Saint-Jean-d'Arves;73
LE SAINT JEAN;38399;Saint-Jean-de-Bournay;38
STAR;73248;Saint-Jean-de-Maurienne;73
CINE LAUDON;74242;Saint-Jorioz;74
CINEMA ROUGE ET NOIR;74243;Saint-Julien-en-Genevois;74
SALLE DES FETES;42246;Saint-Julien-Molin-Molette;42
ESPACE CULTUREL LE CERCLE;43205;Saint-Just-Malmont;43
FAMILY CINÃ‰MA;42279;Saint-Just-Saint-Rambert;42
LE CARTUS;38412;Saint-Laurent-du-Pont;38
LES MELIES;38416;Saint-Marcellin;38
LE LAC BLANC;73257;Les Belleville;73
LES BRUYERES;73257;Les Belleville;73
LES FLOCONS;73257;Les Belleville;73
SALLE ELOI VILLE;38419;Saint-Martin-de-Clelles;38
MON CINE;38421;Saint-Martin-d'HÃ¨res;38
CINEMA PARADISO;69227;Saint-Martin-en-Haut;69
ESPACE CULTUREL LE SAVOIE;73261;Saint-Michel-de-Maurienne;73
7 EME ART;26324;Saint-Paul-Trois-ChÃ¢teaux;26
LE FLORE;73270;Saint-Pierre-d'Albigny;73
SAINT POURCINOIS;03254;Saint-PourÃ§ain-sur-Sioule;03
CIN ETOILES;43224;Sainte-SigolÃ¨ne;43
LE FOYER;69238;Saint-Symphorien-sur-Coise;69
CINE  GALAURE;26333;Saint-Vallier;26
NOUVEL ESPACE CULTUREL;42275;Saint-Priest-en-Jarez;42
CENTRE CULTUREL COMMUNAL LE SOU;42305;La TalaudiÃ¨re;42
CINEMA JACQUES PERRIN;69243;Tarare;69
LE LEM;69244;Tassin-la-Demi-Lune;69
REGAIN;07319;Le Teil;07
CINE TENCE;43244;Tence;43
LE MONACO;63430;Thiers;63
AGORA;69248;Thizy-les-Bourgs;69
LE ROC;74279;Thollon-les-MÃ©mises;74
EDELWEISS;74280;ThÃ´nes;74
LE FRANCE;74281;Thonon-les-Bains;74
CINE LEMAN;74281;Thonon-les-Bains;74
LE PARNAL;74282;FilliÃ¨re;74
CINEMA;73296;Tignes;73
AUDITORIUM EQUINOXE;38509;La Tour-du-Pin;38
CINE THEATRE;07324;Tournon-sur-RhÃ´ne;07
LA PALETTE;71543;Tournus;71
PARADISO;38517;Tullins;38
CHANTECLER;73303;Ugine;73
LE QUARTO;42316;Unieux;42
CINE PAX;25578;Valdahon;25
CinÃ©ma LE SPLENDID;73304;Val-d'IsÃ¨re;73
LE NAVIRE;26362;Valence;26
LUX;26362;Valence;26
PATHE VALENCE;26362;Valence;26
LES GENTIANES;73306;Valloire;73
CINEMA VALMEINIER 1800;73307;Valmeinier;73
CINEMA LES QUINCONCES;07331;Vals-les-Bains;07
CENTRE DE LA CULTURE;07334;Les Vans;07
LE SCHUSS;38567;Chamrousse;38
LES AMPHIS;69256;Vaulx-en-Velin;69
PATHE CARRE DE SOIE;69256;Vaulx-en-Velin;69
CINEMA GERARD PHILIPE;69259;VÃ©nissieux;69
LE SLALOM;38253;Les Deux Alpes;38
CENTRE CULTUREL;07129;Lamastre;07
AMPHI;38544;Vienne;38
ESPACE ARAGON;38547;Villard-Bonnot;38
REX I;38548;Villard-de-Lans;38
LA TRACE;74301;Villard;74
ARIANE;73318;Villarembert;73
CINEMA JEAN PERRIN;01443;Villars-les-Dombes;01
FELLINI;38553;Villefontaine;38
LES 400 COUPS SALLE;69264;Villefranche-sur-SaÃ´ne;69
ZOLA;69266;Villeurbanne;69
LE JEU DE PAUME;38562;Vizille;38
PASSRL LES ECRANS;38563;Voiron;38
PASS R L;38563;Voiron;38
LE CAP;38565;Voreppe;38
CINEVOX;15265;Ydes;15
CINEMA GRENETTE;43268;Yssingeaux;43
MEGA CGR;69027;Brignais;69
CINEMA LA PASSERELLE;01427;TrÃ©voux;01
CINE 7;07201;Ruoms;07
LOUIS NODON;07338;Vernoux-en-Vivarais;07
ESPACE LUMIERE;42011;Balbigny;42
LE QUAI DES ARTS;42318;Usson-en-Forez;42
CINEVAL;69255;Vaugneray;69
LE MELIES;38185;Grenoble;38
ETOILE PALACE;03310;Vichy;03
MEGARAMA;25031;Audincourt;25
CINE FESTIVAL;01004;AmbÃ©rieu-en-Bugey;01
LES TOILES DU LAC;73008;Aix-les-Bains;73
UGC CINE CITE CONFLUENCE;69123;Lyon ;69
AMPHI;01053;Bourg-en-Bresse;01
PATHE CHAMBERY LES HALLES;73065;ChambÃ©ry;73
CinÃ©ma LE NAVIRE;07019;Aubenas;07
AURECINEMA;43012;Aurec-sur-Loire;43
CinÃ©ma Le Clap;58205;Ouroux-en-Morvan;58
CinÃ©ma STUDIO;74012;Annemasse;74
CGR VILLEFRANCHE SUR SAONE;69264;Villefranche-sur-SaÃ´ne;69
CINEMA DE VAUJANY;38527;Vaujany;38
LE BORDEAU;01354;Saint-Genis-Pouilly;01
ESPACE CULTUREL DE POISY;74213;Poisy;74
UGC CINE CITE PART-DIEU;69123;Lyon;69
MEGARAMA;74010;Annecy;74
LE SCENARIO;69290;Saint-Priest;69
TRAVELLING;34003;Agde;34
CINEMA MUNICIPAL MARCEL PAGNOL;30003;Aigues-Mortes;30
RENOIR;13001;Aix-en-Provence;13
CEZANNE;13001;Aix-en-Provence;13
LE MAZARIN;13001;Aix-en-Provence;13
ARMAND LUNEL;13001;Aix-en-Provence;13
ESPACE CULTUREL MUNICIPAL;2A004;Ajaccio;2A
AUDITORIUM PASCAL PAOLI;2A004;Ajaccio;2A
ESPACE DIAMANT;2A004;Ajaccio;2A
L ELLIPSE;2A004;Ajaccio;2A
PALAIS DES CONGRES;2A004;Ajaccio;2A
LAETITIA;2A004;Ajaccio;2A
CINEPLANET;30007;AlÃ¨s;30
CINEMA DE L AIGUILLE;04006;Allos;04
CASINO AMELIE LES BAINS;66003;AmÃ©lie-les-Bains-Palalda;66
LE CASTEILL;66004;Les Angles;66
CASINO;06004;Antibes;06
CINEPLANET ANTIBES;06004;Antibes;06
LE CESAR;84003;Apt;84
LE JAURES;66008;ArgelÃ¨s-sur-Mer;66
L EAU VIVE;05006;L' ArgentiÃ¨re-la-BessÃ©e;05
FEMINA;13004;Arles;13
ACTES SUD LE MEJAN;13004;Arles;13
PAGNOL;13005;Aubagne;13
VOX;84007;Avignon;84
UTOPIA REPUBLIQUE;84007;Avignon;84
UTOPIA MANUTENTION 1;84007;Avignon;84
PATHE CAP SUD;84007;Avignon;84
CASINO;30028;Bagnols-sur-CÃ¨ze;30
SALLE MUNICIPALE CLAUDE PLAN;34022;Baillargues;34
L UBAYE;04019;Barcelonnette;04
CINEMA JEAN-LOUIS TRINTIGNANT;30029;Barjac;30
L ODEON;83012;Barjols;83
STUDIO CINEMAS;2B033;Bastia;2B
REGENT;2B033;Bastia;2B
LE CINEMA DE BEAULIEU;06011;Beaulieu-sur-Mer;06
CINEMA JEAN-CLAUDE CARRIERE;34028;BÃ©darieux;34
CINE 89;13014;Berre-l'Ã‰tang;13
LE MARILYN;83018;Besse-sur-Issole;83
KINEPOLIS BEZIERS;34032;BÃ©ziers;34
LE CLAP;84019;BollÃ¨ne;84
MAJESTIC;66024;Le Boulou;66
EDEN STUDIO;05023;BrianÃ§on;05
COSMO CINEMAS;05023;BrianÃ§on;05
LA BOITE A IMAGES;83023;Brignoles;83
CINEMA LIBERTE;83023;Brignoles;83
CENTRE CULTUREL;66028;Cabestany;66
SALLE MISTRAL;06026;Cabris;06
ESPACE  CENTRE;06027;Cagnes-sur-Mer;06
CGR POLYGONE RIVIERA;06027;Cagnes-sur-Mer;06
SALLE POLYVALENTE;84029;Camaret-sur-Aigues;84
Clap CinÃ©;66037;Canet-en-Roussillon;66
OLYMPIA;06029;Cannes;06
ARCADES;06029;Cannes;06
C'PICAUD (ex studio13);06029;Cannes;06
SALLE RAIMU;06029;Cannes;06
OLYMPIA 5 A 9;06029;Cannes;06
PROSPER MERIMEE;06029;Cannes;06
MIRAMAR;06029;Cannes;06
ALEXANDRE III;06029;Cannes;06
CANNET TOILES;06030;Le Cannet;06
CINETOILE ROCHEVILLE;06030;Le Cannet;06
CGR LE COLISEE;11069;Carcassonne;11
CGR CARCASSONNE;11069;Carcassonne;11
 SLE COMMUNALE DU FOYER RURAL;83032;CarcÃ¨s;83
L ARTEA;13119;Carnoux-en-Provence;13
SALLE DES FETES;84030;Caromb;84
RIVOLI;84031;Carpentras;84
JULIETTE GRECO;06033;Carros;06
ESPACE FERNANDEL;13021;Carry-le-Rouet;13
CINE LES CALANQUES;13022;Cassis;13
VEO CASTELNAUDARY;11076;Castelnaudary;11
FEMINA;84035;Cavaillon;84
LA CIGALE;84035;Cavaillon;84
LE PARADISO;84035;CAVAILLON;84
CINEMA ATHENA;83036;Cavalaire-sur-Mer;83
ROAD MOVIES;34069;Cazouls-lÃ¨s-BÃ©ziers;34
CERETAN;66049;CÃ©ret;66
CINEMATOGRAPHE SLE CHAPLIN;04049;ChÃ¢teau-Arnoux-Saint-Auban;04
ESPACE MARCEL PAGNOL;13026;ChÃ¢teauneuf-les-Martigues;13
CINEMA LE REX;13027;ChÃ¢teaurenard;13
 SALLE POLYVALENTE;05039;Chauffayer;05
CINEMA EDEN THEATRE;13028;La Ciotat;13
CGR LE SPOT - LA CIOTAT;13028;La Ciotat;13
ALAIN RESNAIS;34079;Clermont-l'HÃ©rault;34
RAIMU;83042;Cogolin;83
LE MONDIAL;66053;Collioure;66
MAISON POURTOUS;06048;Contes;06
FOGATA;2B093;Corbara;2B
CINEMA L ALBA;2B096;Corte;2B
CINEMA MARCEL PAGNOL;83046;Cotignac;83
L'AGORA-CINEPLAN;34090;Le CrÃ¨s;34
LE CIGALON;84042;Cucuron;84
RENCONTRES;04070;Digne-les-Bains;04
CINE TOILES;04070;Digne-les-Bains;04
MEGA CGR;83050;Draguignan;83
CINEMA;30106;Durfort-et-Saint-Martin-de-Sossenac;30
LE VAUTIER;66065;Elne;66
LE ROC;05046;Embrun;05
CINE SAUZE;04073;Enchastrayes;04
LE GRENIER DE L ALCAZAR;13035;EyguiÃ¨res;13
CINEMA MUNICIPAL;11140;Ferrals-les-CorbiÃ¨res;11
ESPACE CULTUREL;83055;Fayence;83
               NOTRE DAME DES SALLE;83057;Flassans-sur-Issole;83
CASINO;66124;Font-Romeu-Odeillo-Via;66
EDEN;13038;Fontvieille;13
LE BOURGUET;04088;Forcalquier;04
ODYSSEE;13039;Fos-sur-Mer;13
LE VOX;83061;FrÃ©jus;83
CINEMA DU PIN DE LA LEGUE PLEIN AIR;83061;FrÃ©jus;83
CINE MISTRAL;34108;Frontignan;34
U PARADISU;2B120;Furiani;2B
L'ARC EN CIEL;34111;Ganges;34
PALACE;05061;Gap;05
LE CENTRE;05061;Gap;05
LE CLUB;05061;Gap;05
CASINO;13041;Gardanne;13
LE ROCHER;83062;La Garde;83
LA COUPOLE;06065;La Gaude;06
ESPACE ALBERT GIRALDI;13042;GÃ©menos;13
ESPACE ROBERT HOSSEIN;13044;Grans;13
CINEMA  STUDIO;06069;Grasse;06
VOG;30133;Le Grau-du-Roi;30
ECOCINE VERDON;04094;GrÃ©oux-les-Bains;04
CIRCUIT VERDON SECRET;04094;GrÃ©oux-les-Bains;04
 LE RIOUBEL;05065;Guillestre;05
OLBIA;83069;HyÃ¨res;83
LA STRADA;84054;L' Isle-sur-la-Sorgue;84
CINE SORGUE;84054;Isle-sur-la-Sorgue;84
 CINEMA CLUB 2000;06073;Isola;06
LE COLUCHE;13047;Istres;13
LA STRADA;84058;Lacoste;84
L'IMPERIAL;34126;Lamalou-les-Bains;34
SALLE SEVIGNE;13050;Lambesc;13
CENTRE CULTUREL  RENE RAYNAL;48080;Langogne;48
CinÃ©ma ThÃ©Ã¢tre le PhÃ©nix;05070;Laragne-MontÃ©glin;05
MEGA CGR;34129;Lattes;34
THEATRE DE VERDURE;83070;Le Lavandou;83
LE GRAND BLEU;83070;Le Lavandou;83
CLAP CINE;11202;Leucate;11
FOYER;06075;Levens;06
PALACE;11203;LÃ©zignan-CorbiÃ¨res;11
ELYSEE;11206;Limoux;11
LES CINEMAS LUTEVA;34142;LodÃ¨ve;34
LE CINEMA;83072;Lorgues;83
LE CINEMA;83073;Le Luc;83
ATHENEE;34145;Lunel;34
SALLE LEONARD DE VINCI;06079;Mandelieu-la-Napoule;06
MAISTRALE;2A154;Marignana;2A
SAINT-EXUPERY CINEMA;13054;Marignane;13
PRADO;13055;Marseille;13
BONNEVEINE;13055;Marseille;13
PATHE MADELEINE;13055;Marseille;13
CHAMBORD;13055;Marseille;13
 LES VARIETES;13055;Marseille;13
LES TROIS PALMES;13055;Marseille;13
ALHAMBRA;13055;Marseille;13
CHATEAU DE LA BUZINE;13055;Marseille;13
GYPTIS;13055;Marseille;13
TRIANON;48092;Marvejols;48
SALLE DES FETES;66107;Maury;66
TRIANON;48095;Mende;48
EDEN;06083;Menton;06
LE TAURUS;34157;MÃ¨ze;34
COMOEDIA;13063;Miramas;13
LOUIS LUMIERE;05079;Le MonÃªtier-les-Bains;05
MAISON POUR TOUS;83081;Montauroux;83
CINEMA JEAN GABIN;05085;MontgenÃ¨vre;05
DIAGONAL CAPITOLE;34172;Montpellier;34
UTOPIA SAINTE BERNADETTE;34172;Montpellier;34
GAUMONT COMEDIE;34172;Montpellier;34
PATHE ODYSSEUM;34172;Montpellier;34
CINEMA NESTOR BURMA;34172;Montpellier;34
Maison pour Tous et CinÃ©ma Louis Feuillade;34172;Montpellier;34
PLEIN AIR LE CHATEAU;06084;Mouans-Sartoux;06
CINE LA STRADA;06084;Mouans-Sartoux;06
MEGA CGR;11262;Narbonne;11
LE CINEMA SCENE NATIONALE DE NARBONNE;11262;Narbonne;11
RIALTO;06088;Nice;06
VARIETES;06088;Nice;06
PATHE MASSENA;06088;Nice;06
ESPACE MAGNAN;06088;Nice;06
CINEMA JEAN PAUL BELMONDO;06088;Nice;06
PATHE LINGOSTIERE;06088;Nice;06
PATHE GARE DU SUD;06088;Nice;06
LE SEMAPHORE;30189;NÃ®mes;30
FORUM KINEPOLIS;30189;NÃ®mes;30
CGR NIMES;30189;NÃ®mes;30
L EDEN;13066;Noves;13
CINE FORUM;84087;Orange;84
POOM;05096;OrciÃ¨res;05
L UBAC;05098;Les Orres;05
LE PUIGMAL;66130;OssÃ©ja;66
LE NAUTILUS;34192;Palavas-les-Flots;34
 PATHE;13071;Les Pennes-Mirabeau;13
CASTILLET 1;66136;Perpignan;66
CINEMOVIDA MEGA CASTILLET;66136;Perpignan;66
LE LUBERON;84089;Pertuis;84
MOLIERE;34199;PÃ©zenas;34
FOYER JEUNESSE ET CULTURE;83091;Pierrefeu-du-Var;83
CINE RIVIERA;83091;Pierrefeu-du-Var;83
ESPACE ARTHUR CONTE;66144;Pollestres;66
ARIANE ASCARIDE;30202;Pont-Saint-Esprit;30
LE MELIES;13077;Port-de-Bouc;13
GERARD PHILIPE;13078;Port-Saint-Louis-du-RhÃ´ne;13
LE VAUBAN;66148;Port-Vendres;66
LIDO;66149;Prades;66
CINEMA JACQUES BREL;34217;Prades-le-Lez;34
L ESPACE DES ARTS;83098;Le Pradet;83
LE NOUVEAU PALACE;66150;Prats-de-Mollo-la-Preste;66
THEATRE DE PROPRIANO;2A249;Propriano;2A
EXCELSIOR;2B251;Prunelli-di-Fiumorbo;2B
SALLE POLYVALENTE;83100;Puget-Ville;83
JEAN MARAIS;05110;Puy-Saint-Vincent;05
LE FAMILIA;11304;Quillan;11
SALLE POLYVALENTE;83102;RÃ©gusse;83
CINEMA DE LA FORET BLANCHE;05119;Risoul;05
MEGA CGR;66164;Rivesaltes;66
CINEMA PAVILLON BLEU;06105;Roquefort-les-Pins;06
SALLE POLYVALENTE;04172;Roumoules;04
LA TOMETTE;83121;Salernes;83
A B C;83123;Sanary-sur-Mer;83
LE COMOEDIA;34301;SÃ¨te;34
LE NOUVEAU PALACE;34301;SÃ¨te;34
LE CASINO JOA;83126;La Seyne-sur-Mer;83
LES CORBIERES;11379;Sigean;11
REX;04209;Sisteron;04
SIX N'ETOILES;83129;Six-Fours-les-Plages;83
CINEMA LE RIO;83130;SolliÃ¨s-Pont;83
SALLE COMMUNALE;83131;SolliÃ¨s-Toucas;83
LE VENISE;30321;SommiÃ¨res;30
SALLE ST LOUIS  CENTRAL;05132;Saint-Bonnet-en-Champsaur;05
LE CINE THEATRE;48140;Saint-ChÃ©ly-d'Apcher;48
CINEMA CASINO;83112;Saint-Cyr-sur-Mer;83
LE RIOUNET;06120;Saint-Ã‰tienne-de-TinÃ©e;06
FOYER RURAL;48155;Saint-Germain-de-Calberte;48
LES TRAVAILLEURS SYNDIQUES;66179;Saint-Laurent-de-Cerdans;66
CINEMA MARC BARON;83153;Saint-Mandrier-sur-Mer;83
LE GALET;13097;Saint-Martin-de-Crau;13
SALLE JEAN GABIN;06127;Saint-Martin-VÃ©subie;06
CINEMAS MARCEL PAGNOL;83115;Sainte-Maxime;83
SALLE DE CINEMA DU POLE CULTUREL;83116;Saint-Maximin-la-Sainte-Baume;83
MORIANINCU;2B313;San-Nicolao;2B
CIRCUIT ALAIN RESNAIS;34281;Saint-Pargoire;34
CINEMA LE MIDIC;13099;Saint-Paul-lÃ¨s-Durance;13
FOYER RURAL;66187;Saint-Paul-de-Fenouillet;66
CINE STAR;34284;Saint-Pons-de-ThomiÃ¨res;34
CINE PALACE;13100;Saint-RÃ©my-de-Provence;13
CINEMA STAR;83119;Saint-Tropez;83
REX;13108;Tarascon;13
LE BEGO;06163;Tende;06
LE ROYAL;83137;Toulon;83
SALLE DES FETES;66213;Toulouges;66
RESEAU SUD LUBERON;84133;La Tour-d'Aigues;84
LE CASINO;13110;Trets;13
CINEMA DE PRA LOU;04226;Uvernet-Fours;04
CAPITOLE;30334;UzÃ¨s;30
LE FLORIAN;84137;Vaison-la-Romaine;84
SOPHIA ANTIPOLIS;06152;Valbonne;06
LES VISITEURS DU SOIR;06152;Valbonne;06
SALLE HENRI VERNEUIL;83144;La Valette-du-Var;83
REX;84138;ValrÃ©as;84
LE MELEZE;05177;Vars;05
CASINO;06157;Vence;06
LES VARIETES;05179;Veynes;05
 LE PALACE;30350;Le Vigan;30
LA CITADELLE PLEIN AIR.;06159;Villefranche-sur-Mer;06
LE MOULIN DE SAINT ANDRE;83150;Vinon-sur-Verdon;83
SALLE DES FETESF.MISTRAL;84150;Visan;84
LES LUMIERES;13117;Vitrolles;13
A RUSCANA PLEIN AIR;2A362;Zonza;2A
RELAIS CULTUREL;13096;Saintes-Maries-de-la-Mer;13
CENTRE CULTUREL;2A247;Porto-Vecchio;2A
ROYAL PIC SAINT LOUP;34255;Saint-GÃ©ly-du-Fesc;34
POLE CULTUREL AUGUSTE ESCOFFIER;06161;Villeneuve-Loubet;06
PATHE CINE LIBERTE;83137;Toulon;83
MEGA CGR;34336;Villeneuve-lÃ¨s-BÃ©ziers;34
MAJESTIC PALACE;13056;Martigues;13
CINEMA LA CASCADE;13056;Martigues;13
CAPITOLE STUDIO;84092;Le Pontet;84
CINEMAS LIDO 1;83118;Saint-RaphaÃ«l;83
CGR VITROLLES;13117;Vitrolles;13
MUCEM;13055;Marseille;13
PATHE LA JOLIETTE;13055;Marseille;13
PATHE LA VALETTE;83144;La Valette-du-Var;83
CINEMA GALAXY;2A139;Lecci;2A
CINEPLANET;13103;Salon-de-Provence;13
LA BALEINE;13055;Marseille;13
CINEUM CANNES;06029;Cannes;06
ARTPLEXE;13055;Marseille;13
CGR MANOSQUE;04112;Manosque;04
MEGARAMA;06088;Nice;06
PAYS DE FAYENCE;83117;Saint-Paul-en-ForÃªt;83
CINEMEDITERRANEE;83127;Signes;83
U SAMPIERU PLEIN AIR;2A090;Coggia;2A
LES BALCONS DE MOUGINS MY CINEWEST;06085;Mougins;06
PALACE LUMIERE;68004;Altkirch;68
KINEPOLIS AMNEVILLE;57019;AmnÃ©ville;57
 UNION;57032;Ars-sur-Moselle;57
CINE AUDUN;57038;Audun-le-Tiche;57
REX;67028;Benfeld;67
CENTRE CULTUREL CLAUDE VIGEE;67046;Bischwiller;67
PATHE;67067;Brumath;67
ESPACE GRÃœN;68063;Cernay;68
LA CROISIERE;68063;Cernay;68
SALLE SAINT JEAN;57132;ChÃ¢teau-Salins;57
SALLE DU FOYER COMMUNAL;67098;Dinsheim-sur-Bruche;67
LE TREFLE;67101;Dorlisheim;67
AMITIE;67130;Erstein;67
PARIS;57227;Forbach;57
MEGA KINE;57240;Freyming-Merlebach;57
FLORIVAL;68112;Guebwiller;68
MEGAREX;67180;Haguenau;67
ESPACE RHENAN;68163;Kembs;68
MARLYMAGES;57447;Marly;57
KLUB;57463;Metz;57
KINEPOLIS AMPHITHEATRE;57463;Metz;57
STUDIO BEL AIR;68224;Mulhouse;68
KINEPOLIS;68224;Mulhouse;68
LE PALACE;68224;Mulhouse;68
L'ESPACE CULTUREL SAINT GREGOIRE (EX- LE SAINT GREGOIRE);68226;Munster;68
ESPACE RIED BRUN;68227;Muntzenheim;68
CINEMA LE ROHAN;67313;Mutzig;67
SALLE ADALRIC;67348;Obernai;67
LE CERCLE;68249;Orbey;68
LE CLUB;57540;Phalsbourg;57
LA CASTINE;67388;Reichshoffen;67
REX;68269;RibeauvillÃ©;68
CINE RELAIS - LA PASSERELLE;68278;Rixheim;68
CINEMA LE ROYAL;67414;Rothau;67
CINE SAR;57630;Sarrebourg;57
LES CINEMAS FORUM;57631;Sarreguemines;57
Centre Socio Culturel;67434;Sarre-Union;67
CINECUBIC;67437;Saverne;67
SELECT;67462;SÃ©lestat;67
GRAND ECRAN;57647;SerÃ©mange-Erzange;57
LA SALINE;67474;Soultz-sous-ForÃªts;67
COSMOS;67482;Strasbourg;67
VOX;67482;Strasbourg;67
LE STAR;67482;Strasbourg;67
STAR SAINT EXUPERY;67482;Strasbourg;67
UGC CINE CITE;67482;Strasbourg;67
FRANCOIS TRUFFAUT;57606;Saint-Avold;57
KINEPOLIS;57616;Saint-Julien-lÃ¨s-Metz;57
LA COUPOLE;68297;Saint-Louis;68
RELAIS CULTUREL REGIONAL;68334;Thann;68
SCALA;57672;Thionville;57
KINEPOLIS;57672;Thionville;57
ESPACE LE TREFLE;68343;Ungersheim;68
LE DIAPASON;67506;Vendenheim;67
 M.J.C.;67538;Wingen-sur-Moder;67
LA NEF - RELAIS CULTUREL DE WISSEMBOURG;67544;Wissembourg;67
GERARD PHILIPE;68376;Wittenheim;68
SALLE MICHEL BONNET;57751;Woippy;57
MEGA CGR;68066;Colmar;68
KINEPOLIS WAVES;57487;Moulins-lÃ¨s-Metz;57
CINEVALLEE;67448;Schirmeck;67
LE CONCORDE;54039;Baccarat;54
CINE VOGE;88029;La VÃ´ge-les-Bains;88
CINEMA CONFLUENCES BAR LE DUC;55029;Bar-le-Duc;55
MAISON DES FETES;54076;Blainville-sur-l'Eau;54
BON ACCUEIL;54077;BlÃ¢mont;54
CINE VILAR;54079;BlÃ©nod-lÃ¨s-Pont-Ã -Mousson;54
SALLE GRAND ECRAN;88075;La Bresse;88
CINEMA SAINT PIERREMONT;54099;Val de Briey;54
FRANCOIS TRUFFAUT;55122;Commercy;55
JEAN VILAR;54136;Conflans-en-Jarnisy;54
LE FOYER;70198;Dampierre-sur-Salon;70
CINES PALACE;88160;Ã‰pinal;88
CINEMA DU CASINO;88196;GÃ©rardmer;88
CINEMA MCL SLE ANDRE BOURVIL;88196;GÃ©rardmer;88
CINEMAVIA;70279;Gray;70
ESPACE GERARD PHILIPE;54273;Jarny;54
FOYER RURAL;54276;Jeandelaincourt;54
CASINO;54280;JÅ“uf;54
UTOPOLIS LONGWY;54323;Longwy;54
UGC CINE CITE;54328;Ludres;54
CINE LUN;54329;LunÃ©ville;54
ESPACE MELIES;70310;Lure;70
ESPACE MOLIERE;70311;Luxeuil-les-Bains;70
RIO;88304;Mirecourt;88
CINEMA LUX;55351;MontmÃ©dy;55
UGC SAINT JEAN;54395;Nancy;54
CAMEO SAINT SEBASTIEN;54395;Nancy;54
CAMEO COMMANDERIE;54395;Nancy;54
FORUM;54395;Nancy;54
KINEPOLIS NANCY;54395;Nancy;54
NEOPOLIS;88321;NeufchÃ¢teau;88
SELECT;70414;Plancher-les-Mines;70
CONCORDE;54431;Pont-Ã -Mousson;54
THEATRE MUNICIPAL;88372;Raon-l'Ã‰tape;88
MAJESTIC FRANCE LE VOLONTAIRE;88383;Remiremont;88
L'Autre CitÃ©;55502;Stenay;55
EMPIRE;88413;Saint-DiÃ©-des-Vosges;88
L'EXCELSIOR;88413;Saint-DiÃ©-des-Vosges;88
ROYAL;54482;Saint-Max;54
VARIETES;88468;Le Thillot;88
CITEA;54528;Toul;54
L'ENTR'ACTES;88486;Vagney;88
CAROUSSEL;55545;Verdun;55
CLUB 6;70550;Vesoul;70
L'ARCHE;54580;Villerupt;54
ALHAMBRA;88516;Vittel;88
MA JESTIC - ESPACE DES LUMIERES;70550;Vesoul;70
